id,timestamp_ms,date_local,vehicle,charger,network,location,tag,energy_kwh,time_h,cost,currency,distance_km,distance_mi,eff_kwh_per_100km,eff_km_per_kwh,notes
"060fd772-0997-4555-84ed-ac34d1c0fa84",1684474800455,"2023-05-19 06:40:00","Tesla Model 3","Supermarket Point","Pod Point","Retail Park","Public",33.000000,1.500000,14.850000,"GBP",249.645993,155.122828,13.218718,7.56503,"Shopping stop"
"c4d5a400-782a-4309-9f26-c97bf3468354",1684437600480,"2023-05-18 20:20:00","Tesla Model 3","Supermarket Point","Pod Point","Retail Park","Public",33.000000,1.500000,14.850000,"GBP",162.173017,100.769641,20.348638,4.914334,"Shopping stop"
"a7a80bf0-e116-48bd-b42e-fc5442ad3ecd",1684300200480,"2023-05-17 06:10:00","Tesla Model 3","Supermarket Point","Pod Point","Retail Park","Public",41.250000,1.875000,18.562500,"GBP",305.150425,189.611683,13.517923,7.397586,"Shopping stop"
"1bd42d73-260b-4653-bc48-5fd6638e5316",1686329400480,"2023-06-09 17:50:00","Tesla Model 3","Supermarket Point","Pod Point","Retail Park","Public",31.500000,1.431818,14.175000,"GBP",202.986055,126.129687,15.518307,6.444002,"Shopping stop"
"5642b804-8ab3-41bd-8eb9-77385853a939",1687935600480,"2023-06-28 08:00:00","Tesla Model 3","Supermarket Point","Pod Point","Retail Park","Public",19.500000,0.886364,8.775000,"GBP",136.264003,84.670526,14.310456,6.987898,"Shopping stop"
"5492c5bf-87c9-4cec-860d-4b38c4078287",1686124200480,"2023-06-07 08:50:00","Tesla Model 3","Home Charger","","Home","Home",25.500000,3.445946,7.140000,"GBP",198.452945,123.312943,12.849394,7.782468,"Overnight home session"
"c21b1063-ad2d-42c6-83e1-0e912f3f86e9",1690471200480,"2023-07-27 16:20:00","Tesla Model 3","Supermarket Point","Pod Point","Retail Park","Public",18.750000,0.852273,8.437500,"GBP",130.283018,80.954114,14.391745,6.948428,"Shopping stop"
"12fcf164-5949-49b7-9bd0-2d0d7d648514",1690012200480,"2023-07-22 08:50:00","Tesla Model 3","Supermarket Point","Pod Point","Retail Park","Public",17.250000,0.784091,7.762500,"GBP",140.068740,87.034680,12.315382,8.119927,"Shopping stop"
"ec0f1245-ba41-4ac8-924e-e16faff3099d",1691229600480,"2023-08-05 11:00:00","Tesla Model 3","Home Charger","","Home","Home",16.500000,2.229730,4.620000,"GBP",119.373463,74.175231,13.822167,7.234755,"Overnight home session"
"124e34d9-e875-4a93-8af2-fcb42b6cf3c3",1692025800480,"2023-08-14 16:10:00","Tesla Model 3","Home Charger","","Home","Home",30.750000,4.155405,8.610000,"GBP",187.049175,116.226969,16.439527,6.0829,"Overnight home session"
"fa4b1937-6f4e-4447-890f-df00ad4a49fe",1692096000480,"2023-08-15 11:40:00","Tesla Model 3","Supermarket Point","Pod Point","Retail Park","Public",21.750000,0.988636,9.787500,"GBP",112.326904,69.796702,19.363126,5.164455,"Shopping stop"
"2177d4b6-10f3-4745-9ae0-fea5ae2f266d",1695566400480,"2023-09-24 15:40:00","Tesla Model 3","Supermarket Point","Pod Point","Retail Park","Public",27.000000,1.227273,12.150000,"GBP",180.241729,111.997018,14.979883,6.67562,"Shopping stop"
"18bfe753-3dd0-4b92-89ee-9128634a2ee4",1694965800480,"2023-09-17 16:50:00","Tesla Model 3","Supermarket Point","Pod Point","Retail Park","Public",30.750000,1.397727,13.837500,"GBP",161.069051,100.083668,19.091191,5.238018,"Shopping stop"
"f81c1ec5-c9e7-4504-88d5-7b3fef1272f5",1698687600480,"2023-10-30 17:40:00","Tesla Model 3","Workplace Bay","","Office","Work",21.750000,1.977273,4.785000,"GBP",145.138813,90.185077,14.985654,6.673049,"Weekday office charging"
"02f187be-feb6-4ad2-aad2-a560249f3dd3",1696879800480,"2023-10-09 20:30:00","Tesla Model 3","Workplace Bay","","Office","Work",33.750000,3.068182,7.425000,"GBP",269.507743,167.464348,12.522831,7.985415,"Weekday office charging"
"0bc601eb-7272-4839-b1c9-d557063fb712",1697284800481,"2023-10-14 13:00:00","Tesla Model 3","Workplace Bay","","Office","Work",39.750000,3.613636,8.745000,"GBP",242.187468,150.488316,16.412905,6.092766,"Weekday office charging"
"5fe98e3a-a34d-4fff-acaa-5a53bc2caf5a",1700761200481,"2023-11-23 17:40:00","Tesla Model 3","Workplace Bay","","Office","Work",18.750000,1.704545,4.125000,"GBP",89.869296,55.842192,20.863633,4.793029,"Weekday office charging"
"6a78c03d-f194-415b-822d-cce6f30775df",1700224200481,"2023-11-17 12:30:00","Tesla Model 3","Supermarket Point","Pod Point","Retail Park","Public",39.750000,1.806818,17.887500,"GBP",313.229869,194.632017,12.690361,7.879997,"Shopping stop"
"42bc1de3-bd76-4b99-94dc-d94e5890bb49",1699980600481,"2023-11-14 16:50:00","Tesla Model 3","City Rapid Hub","IONITY","City Center","Rapid",21.000000,0.175000,14.490000,"GBP",151.049238,93.857645,13.902751,7.192821,"Road trip top-up"
"5b8e1efe-0a77-4d87-860e-2738dee52b75",1701766800481,"2023-12-05 09:00:00","Tesla Model 3","City Rapid Hub","IONITY","City Center","Rapid",21.750000,0.181250,15.007500,"GBP",119.816065,74.450251,18.152824,5.508785,"Road trip top-up"
"482e52d2-9d26-4e9c-b004-4459b01d02d9",1701891000481,"2023-12-06 19:30:00","Tesla Model 3","Home Charger","","Home","Home",29.250000,3.952703,8.190000,"GBP",143.658188,89.265060,20.36083,4.911391,"Overnight home session"
"b9b9f533-9db6-4d25-bc8f-af903c3354cd",1702466400481,"2023-12-13 11:20:00","Tesla Model 3","City Rapid Hub","IONITY","City Center","Rapid",21.000000,0.175000,14.490000,"GBP",105.951293,65.835081,19.820428,5.0453,"Road trip top-up"
"31235a92-84d1-4833-bca9-0b114e171494",1703331000481,"2023-12-23 11:30:00","Tesla Model 3","Home Charger","","Home","Home",29.250000,3.952703,8.190000,"GBP",172.239588,107.024718,16.982159,5.888533,"Overnight home session"
"8d6fcdd2-6f5f-4a3a-a147-9d8605bedd0b",1705057200481,"2024-01-12 11:00:00","Tesla Model 3","Workplace Bay","","Office","Work",15.000000,1.363636,3.300000,"GBP",101.158876,62.857211,14.82816,6.743925,"Weekday office charging"
"6db38e3b-accc-4c4f-a07b-a8a861294810",1706448000481,"2024-01-28 13:20:00","Tesla Model 3","City Rapid Hub","IONITY","City Center","Rapid",23.250000,0.193750,16.042500,"GBP",169.325346,105.213892,13.730963,7.282811,"Road trip top-up"
"2712e235-3c8d-4360-af95-48d40a8013c3",1706123400481,"2024-01-24 19:10:00","Tesla Model 3","City Rapid Hub","IONITY","City Center","Rapid",24.750000,0.206250,17.077500,"GBP",161.374361,100.273379,15.337009,6.520176,"Road trip top-up"
"d9c983ff-efff-48e5-83c4-51c1ca3e891c",1707462600481,"2024-02-09 07:10:00","Tesla Model 3","Supermarket Point","Pod Point","Retail Park","Public",25.500000,1.159091,11.475000,"GBP",157.455816,97.838508,16.195019,6.174738,"Shopping stop"
"d74692c9-c5e8-4407-b5a2-fcf86a311241",1708099800481,"2024-02-16 16:10:00","Tesla Model 3","City Rapid Hub","IONITY","City Center","Rapid",30.750000,0.256250,21.217500,"GBP",169.093123,105.069595,18.185246,5.498963,"Road trip top-up"
"477be42d-40ce-476d-8676-dcac018cb1d1",1711434000481,"2024-03-26 06:20:00","Tesla Model 3","Home Charger","","Home","Home",27.750000,3.750000,7.770000,"GBP",192.145305,119.393557,14.442195,6.924155,"Overnight home session"
"be2a80d8-21fe-4072-b002-54307596feb2",1710661800482,"2024-03-17 07:50:00","Tesla Model 3","Workplace Bay","","Office","Work",32.250000,2.931818,7.095000,"GBP",257.878513,160.238279,12.505889,7.996233,"Weekday office charging"
"84d66414-f3dd-4a21-a032-375dedae6738",1711123200482,"2024-03-22 16:00:00","Tesla Model 3","Home Charger","","Home","Home",23.250000,3.141892,6.510000,"GBP",187.233866,116.341731,12.417625,8.05307,"Overnight home session"
"f0706eba-4920-4cc7-be48-e20450b8bceb",1710501000482,"2024-03-15 11:10:00","Tesla Model 3","Supermarket Point","Pod Point","Retail Park","Public",27.750000,1.261364,12.487500,"GBP",192.544046,119.641323,14.412287,6.938524,"Shopping stop"
"e6930fb3-b33f-4a8d-a5c8-92fc6507b71c",1713017400482,"2024-04-13 15:10:00","Tesla Model 3","City Rapid Hub","IONITY","City Center","Rapid",40.500000,0.337500,27.945000,"GBP",312.625462,194.256456,12.954799,7.719147,"Road trip top-up"
"c4308f3c-a77e-4c51-9e44-e8988e721b0d",1714305600482,"2024-04-28 13:00:00","Tesla Model 3","Workplace Bay","","Office","Work",32.250000,2.931818,7.095000,"GBP",169.302269,105.199553,19.04877,5.249683,"Weekday office charging"
"199f5e39-a48e-4d46-bca1-fbc4acb8751c",1714039800482,"2024-04-25 11:10:00","Tesla Model 3","Home Charger","","Home","Home",31.500000,4.256757,8.820000,"GBP",211.072818,131.154569,14.92376,6.700724,"Overnight home session"
"e044ed27-99a4-4bb9-be58-cf9d65d78229",1716102000482,"2024-05-19 08:00:00","Tesla Model 3","Workplace Bay","","Office","Work",24.750000,2.250000,5.445000,"GBP",136.696155,84.939053,18.105849,5.523077,"Weekday office charging"
"7158cc07-97bc-480d-8692-7ce2fe0d39ba",1714712400482,"2024-05-03 06:00:00","Tesla Model 3","Workplace Bay","","Office","Work",17.250000,1.568182,3.795000,"GBP",94.472146,58.702270,18.25935,5.476646,"Weekday office charging"
"fd7f963f-5d5b-4cd5-b977-945a32e3f83b",1716619200482,"2024-05-25 07:40:00","Tesla Model 3","Supermarket Point","Pod Point","Retail Park","Public",38.250000,1.738636,17.212500,"GBP",247.647896,153.881268,15.445316,6.474455,"Shopping stop"
"ab218519-cd25-4b40-8b88-53307e9a63fe",1714555200482,"2024-05-01 10:20:00","Tesla Model 3","Workplace Bay","","Office","Work",22.500000,2.045455,4.950000,"GBP",175.422322,109.002377,12.82619,7.796548,"Weekday office charging"
"8f540ef2-cb3a-4a60-ade2-2467c3c9de5b",1719052200482,"2024-06-22 11:30:00","Tesla Model 3","Home Charger","","Home","Home",29.250000,3.952703,8.190000,"GBP",145.114609,90.170038,20.156482,4.961183,"Overnight home session"
"697c7868-ad21-4c36-9bc7-1fd0ab69cf6f",1718128800482,"2024-06-11 19:00:00","Tesla Model 3","City Rapid Hub","IONITY","City Center","Rapid",33.000000,0.275000,22.770000,"GBP",155.624750,96.700736,21.204853,4.715902,"Road trip top-up"
"f5636483-97ec-4767-906a-26d531129143",1717255200482,"2024-06-01 16:20:00","Tesla Model 3","Workplace Bay","","Office","Work",30.750000,2.795455,6.765000,"GBP",150.372057,93.436864,20.449278,4.890148,"Weekday office charging"
"1d15f8dd-3759-4906-a28d-5a9793ccc2f8",1720078800482,"2024-07-04 08:40:00","Tesla Model 3","Supermarket Point","Pod Point","Retail Park","Public",30.750000,1.397727,13.837500,"GBP",228.932864,142.252287,13.431885,7.444971,"Shopping stop"
"53884bf4-7bf4-46bf-afed-f6c87660e166",1721628000482,"2024-07-22 07:00:00","Tesla Model 3","City Rapid Hub","IONITY","City Center","Rapid",28.500000,0.237500,19.665000,"GBP",205.011991,127.388545,13.901626,7.193403,"Road trip top-up"
"42513eec-3e41-498d-952c-79477a14afd2",1723014600482,"2024-08-07 08:10:00","Tesla Model 3","Supermarket Point","Pod Point","Retail Park","Public",35.250000,1.602273,15.862500,"GBP",228.323282,141.873510,15.438636,6.477256,"Shopping stop"
"6371101e-fc9d-4d76-88a9-13f831128fd7",1724306400483,"2024-08-22 07:00:00","Tesla Model 3","Workplace Bay","","Office","Work",21.750000,1.977273,4.785000,"GBP",169.786697,105.500562,12.810191,7.806285,"Weekday office charging"
"245d8a43-b18c-42d4-875d-939a46a21640",1724699400483,"2024-08-26 20:10:00","Tesla Model 3","Home Charger","","Home","Home",33.750000,4.560811,9.450000,"GBP",214.699453,133.408055,15.719649,6.361465,"Overnight home session"
"144c1e35-e68b-49d7-bb4f-72638a374fe0",1725448200483,"2024-09-04 12:10:00","Tesla Model 3","Supermarket Point","Pod Point","Retail Park","Public",20.250000,0.920455,9.112500,"GBP",101.368237,62.987302,19.976672,5.005839,"Shopping stop"
"3cc90d10-c1cd-418b-ba91-670f0e5bfcce",1725993600483,"2024-09-10 19:40:00","Tesla Model 3","City Rapid Hub","IONITY","City Center","Rapid",22.500000,0.187500,15.525000,"GBP",132.780040,82.505692,16.945318,5.901335,"Road trip top-up"
"d290fe33-d2cb-4274-867a-e18d5b4abf13",1730023800483,"2024-10-27 10:10:00","Tesla Model 3","Workplace Bay","","Office","Work",27.000000,2.454545,5.940000,"GBP",159.948154,99.387175,16.88047,5.924006,"Weekday office charging"
"75980a0f-d1a2-4dd6-895e-0d5fca5ed9a8",1729346400483,"2024-10-19 15:00:00","Tesla Model 3","Home Charger","","Home","Home",21.750000,2.939189,6.090000,"GBP",109.316358,67.926036,19.896382,5.026039,"Overnight home session"
"72bdae7f-f910-4552-a82f-eff5fa926f3b",1730384400483,"2024-10-31 14:20:00","Tesla Model 3","Home Charger","","Home","Home",17.250000,2.331081,4.830000,"GBP",131.664399,81.812465,13.101491,7.632719,"Overnight home session"
"d6093bf4-d8c6-4d4c-88a7-97b05990bcad",1730820600483,"2024-11-05 15:30:00","Tesla Model 3","Home Charger","","Home","Home",36.000000,4.864865,10.080000,"GBP",203.121979,126.214146,17.723341,5.642277,"Overnight home session"
"ee6e950e-0bd6-461b-9b75-7c3414dcda0d",1732797000483,"2024-11-28 12:30:00","Tesla Model 3","City Rapid Hub","IONITY","City Center","Rapid",30.750000,0.256250,21.217500,"GBP",166.276089,103.319172,18.493339,5.407352,"Road trip top-up"
"98e672a6-40af-462a-97c1-135508a383be",1731682800483,"2024-11-15 15:00:00","Tesla Model 3","Supermarket Point","Pod Point","Retail Park","Public",36.000000,1.636364,16.200000,"GBP",245.133402,152.318834,14.685881,6.809261,"Shopping stop"
"14dcba0a-b982-4d98-bf5e-2b9bdd189377",1733932200483,"2024-12-11 15:50:00","Tesla Model 3","Home Charger","","Home","Home",39.750000,5.371622,11.130000,"GBP",313.938919,195.072600,12.661699,7.897834,"Overnight home session"
"8aa96d0a-26fa-4bf5-ba15-fc16ea3c202f",1733904600483,"2024-12-11 08:10:00","Tesla Model 3","Home Charger","","Home","Home",24.000000,3.243243,6.720000,"GBP",166.008588,103.152954,14.457083,6.917024,"Overnight home session"
"d77451c7-b94e-40ee-a99e-6319ef35e8e9",1733165400483,"2024-12-02 18:50:00","Tesla Model 3","Workplace Bay","","Office","Work",23.250000,2.113636,5.115000,"GBP",157.430034,97.822488,14.768465,6.771184,"Weekday office charging"
"984ef478-099d-4713-8ae5-a1df216829a8",1737812400483,"2025-01-25 13:40:00","Tesla Model 3","Supermarket Point","Pod Point","Retail Park","Public",17.250000,0.784091,7.762500,"GBP",138.894135,86.304814,12.419531,8.051834,"Shopping stop"
"f5d48ccc-b03b-4a08-a4ff-c30e88b13aab",1737453000484,"2025-01-21 09:50:00","Tesla Model 3","City Rapid Hub","IONITY","City Center","Rapid",29.250000,0.243750,20.182500,"GBP",232.219781,144.294682,12.595826,7.939138,"Road trip top-up"
"c93c3732-0650-4a04-9cd9-5b7ff5952c14",1739692800484,"2025-02-16 08:00:00","Tesla Model 3","City Rapid Hub","IONITY","City Center","Rapid",17.250000,0.143750,11.902500,"GBP",90.272084,56.092472,19.108897,5.233164,"Road trip top-up"
"8f5b2d7d-dbad-4bf3-b5ec-89058738034e",1738479600484,"2025-02-02 07:00:00","Tesla Model 3","Home Charger","","Home","Home",30.000000,4.054054,8.400000,"GBP",197.071299,122.454428,15.222917,6.569043,"Overnight home session"
"9bbc0ec6-83e3-49fd-909f-d032c29b0dc7",1739800200484,"2025-02-17 13:50:00","Tesla Model 3","Supermarket Point","Pod Point","Retail Park","Public",16.500000,0.750000,7.425000,"GBP",105.319949,65.442782,15.666548,6.383027,"Shopping stop"
"15b25883-7e83-435d-8ac2-79c8b03abfef",1741154400484,"2025-03-05 06:00:00","Tesla Model 3","Home Charger","","Home","Home",29.250000,3.952703,8.190000,"GBP",196.717654,122.234683,14.869026,6.72539,"Overnight home session"
"6ebcbbed-0252-4055-8a3f-991ecdc1e2fd",1741962000484,"2025-03-14 14:20:00","Tesla Model 3","City Rapid Hub","IONITY","City Center","Rapid",21.000000,0.175000,14.490000,"GBP",100.044275,62.164630,20.990706,4.764013,"Road trip top-up"
"b490b3f1-8dd0-4372-834a-0045e817d372",1741360800484,"2025-03-07 15:20:00","Tesla Model 3","City Rapid Hub","IONITY","City Center","Rapid",30.000000,0.250000,20.700000,"GBP",205.508011,127.696758,14.597971,6.850267,"Road trip top-up"
"1d18b100-a721-42c6-ab70-da9f84bf2235",1744101600484,"2025-04-08 09:40:00","Tesla Model 3","Workplace Bay","","Office","Work",32.250000,2.931818,7.095000,"GBP",154.952101,96.282772,20.812883,4.804716,"Weekday office charging"
"007ec25a-21ae-4f8b-9f2b-50d787ea5c3e",1744873200484,"2025-04-17 08:00:00","Tesla Model 3","Home Charger","","Home","Home",15.750000,2.128378,4.410000,"GBP",77.032781,47.865951,20.445841,4.89097,"Overnight home session"
"465af3a2-852a-4cd3-9fed-5da7e9c94bf9",1746028200484,"2025-04-30 16:50:00","Tesla Model 3","Workplace Bay","","Office","Work",27.750000,2.522727,6.105000,"GBP",174.323674,108.319709,15.918664,6.281934,"Weekday office charging"
"5adf48cc-6ad6-4fcb-a898-678852a4fe26",1744804200484,"2025-04-16 12:50:00","Tesla Model 3","City Rapid Hub","IONITY","City Center","Rapid",29.250000,0.243750,20.182500,"GBP",161.593249,100.409390,18.101004,5.524556,"Road trip top-up"
"bcb63f56-2fce-4d69-aa41-2555f3ca79c4",1746518400484,"2025-05-06 09:00:00","Tesla Model 3","Supermarket Point","Pod Point","Retail Park","Public",25.500000,1.159091,11.475000,"GBP",194.168543,120.650739,13.13292,7.614453,"Shopping stop"
"ef744542-4b30-43e3-a1e8-31ecb8e6a23d",1747822800484,"2025-05-21 11:20:00","Tesla Model 3","Home Charger","","Home","Home",24.750000,3.344595,6.930000,"GBP",129.775946,80.639034,19.071331,5.243473,"Overnight home session"
"4c2fd8d0-429f-4b2a-938d-6ec9ef436781",1746425400484,"2025-05-05 07:10:00","Tesla Model 3","Workplace Bay","","Office","Work",18.750000,1.704545,4.125000,"GBP",142.933552,88.814792,13.117984,7.623123,"Weekday office charging"
"0eedf65a-f1a1-4b59-bcaf-90c5c9196b3f",1750276200484,"2025-06-18 20:50:00","Tesla Model 3","Supermarket Point","Pod Point","Retail Park","Public",34.500000,1.568182,15.525000,"GBP",273.908087,170.198595,12.595466,7.939365,"Shopping stop"
"0f02e0ec-7361-4646-871b-fa721a3cb921",1751177400484,"2025-06-29 07:10:00","Tesla Model 3","Home Charger","","Home","Home",15.000000,2.027027,4.200000,"GBP",113.626931,70.604502,13.201096,7.575129,"Overnight home session"
"bdbd48e8-f7ed-4eeb-b3a4-941d3e2b3af2",1751551800484,"2025-07-03 15:10:00","Tesla Model 3","City Rapid Hub","IONITY","City Center","Rapid",15.000000,0.125000,10.350000,"GBP",104.603581,64.997652,14.339853,6.973572,"Road trip top-up"
"4c19ec05-322c-4dea-a7a9-3c26f9f137d1",1752484800485,"2025-07-14 10:20:00","Tesla Model 3","Supermarket Point","Pod Point","Retail Park","Public",21.750000,0.988636,9.787500,"GBP",171.003160,106.256437,12.719063,7.862214,"Shopping stop"
"a4a604ca-3135-4575-abbf-114dd0fe464f",1754314800485,"2025-08-04 14:40:00","Tesla Model 3","Home Charger","","Home","Home",32.250000,4.358108,9.030000,"GBP",150.855624,93.737339,21.378056,4.677694,"Overnight home session"
"c1ac47b7-9b64-47b4-968e-f1982bea30e6",1754203800485,"2025-08-03 07:50:00","Tesla Model 3","City Rapid Hub","IONITY","City Center","Rapid",26.250000,0.218750,18.112500,"GBP",197.627336,122.799933,13.282575,7.52866,"Road trip top-up"
"7d14f469-ae0a-4fda-87d9-19f39f838418",1755493200485,"2025-08-18 06:00:00","Tesla Model 3","Home Charger","","Home","Home",40.500000,5.472973,11.340000,"GBP",240.531720,149.459482,16.837696,5.939055,"Overnight home session"
"7783ea19-83fc-4962-8726-9da8e0d1d8bf",1757953800485,"2025-09-15 17:30:00","Tesla Model 3","Workplace Bay","","Office","Work",28.500000,2.590909,6.270000,"GBP",228.127971,141.752149,12.492988,8.00449,"Weekday office charging"
"bbc50a69-b445-471a-aeb1-282a5396b540",1757682000485,"2025-09-12 14:00:00","Tesla Model 3","Home Charger","","Home","Home",29.250000,3.952703,8.190000,"GBP",162.036126,100.684581,18.05153,5.539697,"Overnight home session"
"1439d32c-7e78-465f-88de-a9b2ab317f32",1757530800485,"2025-09-10 20:00:00","Tesla Model 3","Workplace Bay","","Office","Work",17.250000,1.568182,3.795000,"GBP",91.871417,57.086252,18.776242,5.325879,"Weekday office charging"
"751d2016-7037-4289-9d6a-17e1d9bb41ad",1757235600485,"2025-09-07 10:00:00","Tesla Model 3","Workplace Bay","","Office","Work",32.250000,2.931818,7.095000,"GBP",196.166636,121.892296,16.440105,6.082686,"Weekday office charging"
"393a2908-30a9-4d4d-bd32-ef2cd30cbd1a",1761762600485,"2025-10-29 18:30:00","Tesla Model 3","Home Charger","","Home","Home",20.250000,2.736486,5.670000,"GBP",164.432959,102.173904,12.315049,8.120146,"Overnight home session"
"2dda9ee7-ca36-4f54-9c77-321e66a6d423",1760628000485,"2025-10-16 16:20:00","Tesla Model 3","Workplace Bay","","Office","Work",19.500000,1.772727,4.290000,"GBP",118.259913,73.483303,16.489104,6.064611,"Weekday office charging"
"73e6c146-25cf-4520-9d1d-6ee5d3378454",1762795800485,"2025-11-10 17:30:00","Tesla Model 3","Home Charger","","Home","Home",33.750000,4.560811,9.450000,"GBP",182.898852,113.648078,18.452822,5.419225,"Overnight home session"
"2a4a9777-3876-45e7-8e0a-fecb90ea8bff",1764146400485,"2025-11-26 08:40:00","Tesla Model 3","Workplace Bay","","Office","Work",21.750000,1.977273,4.785000,"GBP",148.090758,92.019331,14.686939,6.80877,"Weekday office charging"
"630ab38c-29bb-4a95-91ba-d37696809c9c",1763668200485,"2025-11-20 19:50:00","Tesla Model 3","Workplace Bay","","Office","Work",18.750000,1.704545,4.125000,"GBP",105.837503,65.764375,17.715837,5.644667,"Weekday office charging"
"afd7f279-b028-4c4d-826d-9b0df0c03f78",1765483200485,"2025-12-11 20:00:00","Tesla Model 3","City Rapid Hub","IONITY","City Center","Rapid",27.000000,0.225000,18.630000,"GBP",189.035654,117.461310,14.28302,7.001321,"Road trip top-up"
"559ee055-2ff0-4eeb-b5b8-81503aac3ae5",1766575200486,"2025-12-24 11:20:00","Tesla Model 3","Workplace Bay","","Office","Work",31.500000,2.863636,6.930000,"GBP",209.649185,130.269964,15.0251,6.65553,"Weekday office charging"
"5f0cfc49-2cee-44ef-b304-7c676751032a",1764675600486,"2025-12-02 11:40:00","Tesla Model 3","Home Charger","","Home","Home",33.750000,4.560811,9.450000,"GBP",221.090009,137.378962,15.265276,6.550815,"Overnight home session"
"15b04f06-7135-48fa-a1b4-531b3e70b2ab",1768501200486,"2026-01-15 18:20:00","Tesla Model 3","Workplace Bay","","Office","Work",16.500000,1.500000,3.630000,"GBP",98.672367,61.312166,16.722007,5.980143,"Weekday office charging"
"0e73dcc3-dff7-445f-acff-b49ed7a3ffb3",1769006400486,"2026-01-21 14:40:00","Tesla Model 3","City Rapid Hub","IONITY","City Center","Rapid",39.000000,0.325000,26.910000,"GBP",275.847263,171.403543,14.138259,7.073007,"Road trip top-up"
"72b263fe-ed82-4715-a826-3ba1641a8b18",1767699600486,"2026-01-06 11:40:00","Tesla Model 3","City Rapid Hub","IONITY","City Center","Rapid",20.250000,0.168750,13.972500,"GBP",125.653425,78.077419,16.115756,6.205107,"Road trip top-up"
"e79daa4a-c336-44fc-bf37-9e6f9a03f32d",1770925800486,"2026-02-12 19:50:00","Tesla Model 3","Workplace Bay","","Office","Work",37.500000,3.409091,8.250000,"GBP",291.996649,181.438306,12.842613,7.786577,"Weekday office charging"
"946da07e-3540-46a6-a1a6-932f52d2f892",1770235800486,"2026-02-04 20:10:00","Tesla Model 3","City Rapid Hub","IONITY","City Center","Rapid",29.250000,0.243750,20.182500,"GBP",173.471689,107.790310,16.861541,5.930656,"Road trip top-up"
"0b0c8343-b2b6-4061-8fe4-75a8ec3f83f8",1773745200486,"2026-03-17 11:00:00","Tesla Model 3","Supermarket Point","Pod Point","Retail Park","Public",33.750000,1.534091,15.187500,"GBP",171.987306,106.867957,19.623541,5.09592,"Shopping stop"
"c51e6ecd-ad4c-44dd-80d4-81fb31e33535",1772992800486,"2026-03-08 18:00:00","Tesla Model 3","City Rapid Hub","IONITY","City Center","Rapid",18.750000,0.156250,12.937500,"GBP",107.472394,66.780250,17.446341,5.731861,"Road trip top-up"
"2b861778-7cfd-4704-bc5b-21aa034311c6",1774890000486,"2026-03-30 18:00:00","Tesla Model 3","City Rapid Hub","IONITY","City Center","Rapid",21.000000,0.175000,14.490000,"GBP",138.893610,86.304488,15.119486,6.613981,"Road trip top-up"
"8cac8df2-cafe-4bfb-a1d0-fcd9bac78a97",1772397600486,"2026-03-01 20:40:00","Tesla Model 3","City Rapid Hub","IONITY","City Center","Rapid",36.000000,0.300000,24.840000,"GBP",271.373554,168.623709,13.265847,7.538154,"Road trip top-up"
"0a4a1c94-edb5-48a5-b78b-b3eab4ade8cf",1777464000486,"2026-04-29 13:00:00","Tesla Model 3","Home Charger","","Home","Home",26.250000,3.547297,7.350000,"GBP",159.954177,99.390918,16.41095,6.093492,"Overnight home session"
"1465b351-09b0-4f28-bbf7-680ed8f0c127",1775504400486,"2026-04-06 20:40:00","Tesla Model 3","Workplace Bay","","Office","Work",22.500000,2.045455,4.950000,"GBP",111.689126,69.400405,20.145202,4.963961,"Weekday office charging"
"f68bb4b2-14d6-4bbf-b412-a03f652d2eb6",1684063800486,"2023-05-14 12:30:00","Nissan Leaf","City Rapid Hub","IONITY","City Center","Rapid",17.600000,0.146667,12.144000,"GBP",118.122874,73.398151,14.899739,6.711527,"Road trip top-up"
"f9dece42-a0bb-4db4-880a-d64a31c4c83c",1685350200486,"2023-05-29 09:50:00","Nissan Leaf","City Rapid Hub","IONITY","City Center","Rapid",15.600000,0.130000,10.764000,"GBP",77.195408,47.967003,20.208456,4.948424,"Road trip top-up"
"2123370b-3eb4-4ba9-b391-ba0f4b9cd896",1684693800487,"2023-05-21 19:30:00","Nissan Leaf","Supermarket Point","Pod Point","Retail Park","Public",9.600000,0.436364,4.320000,"GBP",59.087048,36.714989,16.247215,6.154901,"Shopping stop"
"69b3804a-2da9-46dc-91f6-7c874ea0c4fa",1683453000487,"2023-05-07 10:50:00","Nissan Leaf","Workplace Bay","","Office","Work",16.000000,1.454545,3.520000,"GBP",72.659678,45.148631,22.020466,4.54123,"Weekday office charging"
"d2370341-f5c4-416a-b31d-2369c912bc0d",1688021400487,"2023-06-29 07:50:00","Nissan Leaf","City Rapid Hub","IONITY","City Center","Rapid",15.600000,0.130000,10.764000,"GBP",77.778159,48.329107,20.057045,4.985779,"Road trip top-up"
"9c0aedf8-f2e1-4001-aab2-1a656a949511",1686318000487,"2023-06-09 14:40:00","Nissan Leaf","Workplace Bay","","Office","Work",10.000000,0.909091,2.200000,"GBP",70.401989,43.745768,14.204144,7.040199,"Weekday office charging"
"8f8ea35b-475c-4d35-afc3-67693ea14086",1688226600487,"2023-07-01 16:50:00","Nissan Leaf","Supermarket Point","Pod Point","Retail Park","Public",12.800000,0.581818,5.760000,"GBP",84.683003,52.619579,15.115194,6.61586,"Shopping stop"
"c2d84c81-78b7-4389-8b87-b1d5df4ca2ce",1690809000487,"2023-07-31 14:10:00","Nissan Leaf","Home Charger","","Home","Home",11.200000,1.513514,3.136000,"GBP",69.098358,42.935729,16.208779,6.169496,"Overnight home session"
"f6fa11da-7372-45f5-a1fa-f0109d54e6e5",1690112400487,"2023-07-23 12:40:00","Nissan Leaf","City Rapid Hub","IONITY","City Center","Rapid",16.800000,0.140000,11.592000,"GBP",116.240340,72.228399,14.452814,6.919068,"Road trip top-up"
"a509b5c4-1913-4cac-bc13-86063e5f4d13",1689600000487,"2023-07-17 14:20:00","Nissan Leaf","Workplace Bay","","Office","Work",13.600000,1.236364,2.992000,"GBP",96.765531,60.127313,14.054591,7.115113,"Weekday office charging"
"cdfbf7cd-f95c-47d8-9cad-cb364d94c8ae",1692111600487,"2023-08-15 16:00:00","Nissan Leaf","Supermarket Point","Pod Point","Retail Park","Public",14.000000,0.636364,6.300000,"GBP",76.861373,47.759443,18.214611,5.490098,"Shopping stop"
"c60bd730-b62a-4d03-8bc4-828be4a7bdc6",1692459600487,"2023-08-19 16:40:00","Nissan Leaf","Home Charger","","Home","Home",10.000000,1.351351,2.800000,"GBP",51.404733,31.941420,19.453462,5.140473,"Overnight home session"
"5e5a27d1-bdd0-47a4-9caa-e3f41dfa1b83",1692712800487,"2023-08-22 15:00:00","Nissan Leaf","Supermarket Point","Pod Point","Retail Park","Public",16.800000,0.763636,7.560000,"GBP",88.704175,55.118219,18.939357,5.28001,"Shopping stop"
"0066cdfd-7f8a-4930-854d-24abed434655",1694802600487,"2023-09-15 19:30:00","Nissan Leaf","Home Charger","","Home","Home",14.800000,2.000000,4.144000,"GBP",87.304456,54.248474,16.95217,5.89895,"Overnight home session"
"920176c3-e380-4736-9899-e0475e59d5a0",1696100400488,"2023-09-30 20:00:00","Nissan Leaf","Home Charger","","Home","Home",14.000000,1.891892,3.920000,"GBP",82.460279,51.238442,16.977871,5.89002,"Overnight home session"
"45f430a4-0ae7-47c3-ae0c-ac561271abe5",1694284800488,"2023-09-09 19:40:00","Nissan Leaf","Supermarket Point","Pod Point","Retail Park","Public",12.400000,0.563636,5.580000,"GBP",55.463929,34.463688,22.356873,4.472898,"Shopping stop"
"b0b6e3c0-b905-4cf7-8940-78837d37b748",1695794400488,"2023-09-27 07:00:00","Nissan Leaf","Supermarket Point","Pod Point","Retail Park","Public",10.800000,0.490909,4.860000,"GBP",71.898315,44.675542,15.021214,6.657251,"Shopping stop"
"a74bf323-1029-49ef-ac75-366baf639db1",1696827600488,"2023-10-09 06:00:00","Nissan Leaf","Home Charger","","Home","Home",16.800000,2.270270,4.704000,"GBP",77.074655,47.891970,21.797049,4.587777,"Overnight home session"
"246fabe6-fe7b-4fc2-be7c-d3ba52c76f7c",1698060000488,"2023-10-23 12:20:00","Nissan Leaf","Workplace Bay","","Office","Work",8.400000,0.763636,1.848000,"GBP",57.790128,35.909121,14.535355,6.879777,"Weekday office charging"
"60f6d8c8-968e-4fb6-a67d-13391b231522",1697103600488,"2023-10-12 10:40:00","Nissan Leaf","City Rapid Hub","IONITY","City Center","Rapid",10.000000,0.083333,6.900000,"GBP",47.063141,29.243680,21.248051,4.706314,"Road trip top-up"
"6d14dbbe-2099-4e4c-960b-4064c3f39028",1697308200488,"2023-10-14 19:30:00","Nissan Leaf","Workplace Bay","","Office","Work",18.000000,1.636364,3.960000,"GBP",121.247931,75.339971,14.845614,6.735996,"Weekday office charging"
"7ef06e77-6271-4e7a-9bc2-78b6ced628f7",1699524600488,"2023-11-09 10:10:00","Nissan Leaf","Workplace Bay","","Office","Work",9.600000,0.872727,2.112000,"GBP",43.308332,26.910550,22.166635,4.511285,"Weekday office charging"
"38cc88af-ea40-45e3-a727-07f604fbef5e",1700817600488,"2023-11-24 09:20:00","Nissan Leaf","Home Charger","","Home","Home",9.600000,1.297297,2.688000,"GBP",47.919548,29.775827,20.033578,4.99162,"Overnight home session"
"7c7168d4-a79a-4317-8adc-8fc9cb06f1ab",1699821600488,"2023-11-12 20:40:00","Nissan Leaf","Workplace Bay","","Office","Work",8.000000,0.727273,1.760000,"GBP",54.561833,33.903151,14.662264,6.820229,"Weekday office charging"
"2ffe724a-6e07-4551-a30e-3798801dc31d",1704043200488,"2023-12-31 17:20:00","Nissan Leaf","Home Charger","","Home","Home",19.600000,2.648649,5.488000,"GBP",113.637436,70.611029,17.247837,5.797828,"Overnight home session"
"a67cb44d-3aa0-4797-a796-9409c8d7a161",1703187000488,"2023-12-21 19:30:00","Nissan Leaf","Home Charger","","Home","Home",12.400000,1.675676,3.472000,"GBP",55.713438,34.618725,22.256749,4.493019,"Overnight home session"
"e189c00e-85cd-4183-ae1c-bc38cf99a192",1704813000488,"2024-01-09 15:10:00","Nissan Leaf","City Rapid Hub","IONITY","City Center","Rapid",15.600000,0.130000,10.764000,"GBP",103.058478,64.037569,15.137037,6.606313,"Road trip top-up"
"ca0557eb-4238-4582-8af3-80a09b581e5c",1706173200489,"2024-01-25 09:00:00","Nissan Leaf","Workplace Bay","","Office","Work",15.200000,1.381818,3.344000,"GBP",96.872159,60.193569,15.690783,6.373168,"Weekday office charging"
"daf49161-a4e9-4323-b1d8-d5a50985af3f",1708241400489,"2024-02-18 07:30:00","Nissan Leaf","City Rapid Hub","IONITY","City Center","Rapid",12.000000,0.100000,8.280000,"GBP",62.794449,39.018662,19.109969,5.232871,"Road trip top-up"
"7e77c4eb-28b5-4385-985c-9af70c7ffdcb",1707940200489,"2024-02-14 19:50:00","Nissan Leaf","Workplace Bay","","Office","Work",16.000000,1.454545,3.520000,"GBP",105.402665,65.494180,15.179882,6.587667,"Weekday office charging"
"4f1a5027-d0dd-47e7-a402-23499b7034e4",1708797600489,"2024-02-24 18:00:00","Nissan Leaf","Workplace Bay","","Office","Work",18.800000,1.709091,4.136000,"GBP",123.448114,76.707102,15.22907,6.566389,"Weekday office charging"
"a33d7416-a73c-4dd4-bd96-7ae956ae4702",1710498600489,"2024-03-15 10:30:00","Nissan Leaf","Home Charger","","Home","Home",21.600000,2.918919,6.048000,"GBP",134.533415,83.595188,16.055491,6.228399,"Overnight home session"
"16b8fb8a-afa4-47ef-b1c6-1a5adb50affd",1711036200489,"2024-03-21 15:50:00","Nissan Leaf","Supermarket Point","Pod Point","Retail Park","Public",14.800000,0.672727,6.660000,"GBP",73.190451,45.478438,20.221217,4.945301,"Shopping stop"
"862f1c1f-ac3d-4360-83db-0084ff2b61a4",1711227000489,"2024-03-23 20:50:00","Nissan Leaf","Home Charger","","Home","Home",18.800000,2.540541,5.264000,"GBP",95.865172,59.567856,19.610876,5.099211,"Overnight home session"
"1f2a97e9-a87d-48b3-a995-8055ee4f50a6",1709981400489,"2024-03-09 10:50:00","Nissan Leaf","City Rapid Hub","IONITY","City Center","Rapid",8.400000,0.070000,5.796000,"GBP",38.525208,23.938454,21.803906,4.586334,"Road trip top-up"
"77c367ad-b48c-4ac8-94a1-2ef301764b9d",1712595600489,"2024-04-08 18:00:00","Nissan Leaf","Workplace Bay","","Office","Work",18.400000,1.672727,4.048000,"GBP",93.427205,58.052974,19.694478,5.077565,"Weekday office charging"
"3564818a-f9a2-453e-a914-2a6b7263ba03",1713417600489,"2024-04-18 06:20:00","Nissan Leaf","Home Charger","","Home","Home",19.600000,2.648649,5.488000,"GBP",103.730666,64.455248,18.895087,5.292381,"Overnight home session"
"d7466837-efbb-44d5-af6f-73eb8828fe61",1716147600489,"2024-05-19 20:40:00","Nissan Leaf","Home Charger","","Home","Home",10.000000,1.351351,2.800000,"GBP",54.707400,33.993602,18.279063,5.47074,"Overnight home session"
"984c6fa5-a31d-45b6-bc76-e4645d0858cd",1717165800490,"2024-05-31 15:30:00","Nissan Leaf","Home Charger","","Home","Home",10.400000,1.405405,2.912000,"GBP",68.213326,42.385796,15.246288,6.558974,"Overnight home session"
"4ad0d86d-eb6e-4b61-946f-8aa162ff6f48",1719592200490,"2024-06-28 17:30:00","Nissan Leaf","Home Charger","","Home","Home",13.200000,1.783784,3.696000,"GBP",89.551937,55.644994,14.74005,6.784238,"Overnight home session"
"569b4efa-9595-4590-8076-ea0c2b1a4e0f",1719736200490,"2024-06-30 09:30:00","Nissan Leaf","Supermarket Point","Pod Point","Retail Park","Public",13.200000,0.600000,5.940000,"GBP",67.407259,41.884929,19.582461,5.106611,"Shopping stop"
"59a3a7c3-097e-4e8b-950f-c3ffc83662f5",1719133200490,"2024-06-23 10:00:00","Nissan Leaf","City Rapid Hub","IONITY","City Center","Rapid",16.000000,0.133333,11.040000,"GBP",80.196545,49.831823,19.950984,5.012284,"Road trip top-up"
"b53ae24b-bf3c-4d17-a595-1733bd113cda",1717956000490,"2024-06-09 19:00:00","Nissan Leaf","Supermarket Point","Pod Point","Retail Park","Public",16.400000,0.745455,7.380000,"GBP",95.509598,59.346913,17.171049,5.823756,"Shopping stop"
"7c1f7d4d-d6c1-4fe1-b002-f5369f2474ea",1720350600490,"2024-07-07 12:10:00","Nissan Leaf","Workplace Bay","","Office","Work",8.800000,0.800000,1.936000,"GBP",47.800169,29.701648,18.409977,5.431837,"Weekday office charging"
"f6a4885b-909b-4a53-9c16-c3210773e28a",1720623000490,"2024-07-10 15:50:00","Nissan Leaf","Supermarket Point","Pod Point","Retail Park","Public",18.800000,0.854545,8.460000,"GBP",108.963723,67.706918,17.253449,5.795943,"Shopping stop"
"c489ed24-fa8a-4935-8608-07e4d1b4567c",1722181200490,"2024-07-28 16:40:00","Nissan Leaf","Supermarket Point","Pod Point","Retail Park","Public",17.600000,0.800000,7.920000,"GBP",90.161077,56.023496,19.520619,5.122788,"Shopping stop"
"550b0e63-e281-49d4-9026-4766021c70f3",1721034000490,"2024-07-15 10:00:00","Nissan Leaf","Workplace Bay","","Office","Work",18.000000,1.636364,3.960000,"GBP",123.745226,76.891719,14.546016,6.874735,"Weekday office charging"
"e88927de-43d8-455e-9a70-dbb614a5efb9",1724332200490,"2024-08-22 14:10:00","Nissan Leaf","Home Charger","","Home","Home",8.000000,1.081081,2.240000,"GBP",38.441992,23.886746,20.810576,4.805249,"Overnight home session"
"a8083c0e-85b1-4e62-9492-329f367417e3",1722865200490,"2024-08-05 14:40:00","Nissan Leaf","Supermarket Point","Pod Point","Retail Park","Public",12.800000,0.581818,5.760000,"GBP",71.420228,44.378472,17.922093,5.579705,"Shopping stop"
"c7d52196-2907-4f13-aaea-aeb2694a8fe7",1724944800490,"2024-08-29 16:20:00","Nissan Leaf","Supermarket Point","Pod Point","Retail Park","Public",18.400000,0.836364,8.280000,"GBP",92.725293,57.616826,19.843561,5.039418,"Shopping stop"
"d449b2a8-2924-4d0f-a76a-ef9bc67165c9",1725608400490,"2024-09-06 08:40:00","Nissan Leaf","Home Charger","","Home","Home",18.400000,2.486486,5.152000,"GBP",89.173969,55.410135,20.633824,4.846411,"Overnight home session"
"54e6a1a6-c157-40ab-b543-e70e576b6806",1726051800490,"2024-09-11 11:50:00","Nissan Leaf","Supermarket Point","Pod Point","Retail Park","Public",19.600000,0.890909,8.820000,"GBP",108.761806,67.581453,18.021032,5.549072,"Shopping stop"
"6d191a57-11d3-4dbf-b48d-17225d9549ed",1729020000491,"2024-10-15 20:20:00","Nissan Leaf","City Rapid Hub","IONITY","City Center","Rapid",16.000000,0.133333,11.040000,"GBP",113.473426,70.509118,14.100218,7.092089,"Road trip top-up"
"384d5063-f10e-4fd4-af45-e1e9cd791c42",1730293800491,"2024-10-30 13:10:00","Nissan Leaf","City Rapid Hub","IONITY","City Center","Rapid",12.800000,0.106667,8.832000,"GBP",93.635163,58.182193,13.670078,7.315247,"Road trip top-up"
"6bd83a1e-0777-4e13-8539-af36014ec355",1728845400491,"2024-10-13 19:50:00","Nissan Leaf","City Rapid Hub","IONITY","City Center","Rapid",16.800000,0.140000,11.592000,"GBP",76.518559,47.546428,21.955458,4.554676,"Road trip top-up"
"64d8296b-244b-496a-94ad-c1242f16dc5e",1729419000491,"2024-10-20 11:10:00","Nissan Leaf","Home Charger","","Home","Home",20.800000,2.810811,5.824000,"GBP",109.867306,68.268379,18.931929,5.282082,"Overnight home session"
"d23cf104-401a-4e64-9d7f-6a35703f5233",1732523400491,"2024-11-25 08:30:00","Nissan Leaf","Home Charger","","Home","Home",18.800000,2.540541,5.264000,"GBP",98.074284,60.940535,19.169143,5.216717,"Overnight home session"
"7f708541-d7d1-4db9-a93a-ca84479fd73b",1731148800491,"2024-11-09 10:40:00","Nissan Leaf","Home Charger","","Home","Home",11.600000,1.567568,3.248000,"GBP",54.293668,33.736521,21.365291,4.680489,"Overnight home session"
"761f6b56-bc0f-4977-93d3-181734c48a77",1731343200491,"2024-11-11 16:40:00","Nissan Leaf","Supermarket Point","Pod Point","Retail Park","Public",12.800000,0.581818,5.760000,"GBP",53.234487,33.078377,24.044563,4.158944,"Shopping stop"
"352b3ade-1632-402c-9e7e-5fc2bf44d220",1732284600491,"2024-11-22 14:10:00","Nissan Leaf","Supermarket Point","Pod Point","Retail Park","Public",19.600000,0.890909,8.820000,"GBP",118.977815,73.929387,16.473659,6.070297,"Shopping stop"
"1e042e97-6cf4-4858-9170-e609e001ea75",1734706800491,"2024-12-20 15:00:00","Nissan Leaf","Workplace Bay","","Office","Work",9.200000,0.836364,2.024000,"GBP",41.641713,25.874961,22.093231,4.526273,"Weekday office charging"
"3cea0848-b127-4f0c-a4e2-9fa0fa2ed807",1734377400491,"2024-12-16 19:30:00","Nissan Leaf","Workplace Bay","","Office","Work",8.800000,0.800000,1.936000,"GBP",51.660745,32.100499,17.03421,5.870539,"Weekday office charging"
"e8d0d76a-62fe-4eed-a90f-6d8b31b87068",1737791400491,"2025-01-25 07:50:00","Nissan Leaf","Workplace Bay","","Office","Work",8.000000,0.727273,1.760000,"GBP",39.694881,24.665256,20.153732,4.96186,"Weekday office charging"
"cbad5be5-abd6-43a6-b9db-8f916dd1446f",1735755600491,"2025-01-01 18:20:00","Nissan Leaf","Workplace Bay","","Office","Work",9.200000,0.836364,2.024000,"GBP",44.521657,27.664475,20.664101,4.839311,"Weekday office charging"
"2a4759ed-e3ed-404c-b180-022137ba3cc6",1736799000491,"2025-01-13 20:10:00","Nissan Leaf","Workplace Bay","","Office","Work",10.000000,0.909091,2.200000,"GBP",42.457918,26.382127,23.552733,4.245792,"Weekday office charging"
"0a20b976-08cf-4dc7-9f10-39278f8de863",1740122400491,"2025-02-21 07:20:00","Nissan Leaf","Supermarket Point","Pod Point","Retail Park","Public",11.200000,0.509091,5.040000,"GBP",57.610663,35.797606,19.440846,5.143809,"Shopping stop"
"82a08761-58ff-4fe3-b2c6-e0248c557c41",1739301600492,"2025-02-11 19:20:00","Nissan Leaf","Workplace Bay","","Office","Work",8.800000,0.800000,1.936000,"GBP",36.915359,22.938141,23.838316,4.194927,"Weekday office charging"
"2d99ab89-c953-4799-a75f-9e6e067acd4d",1740483000492,"2025-02-25 11:30:00","Nissan Leaf","Workplace Bay","","Office","Work",13.200000,1.200000,2.904000,"GBP",63.990003,39.761544,20.628222,4.847728,"Weekday office charging"
"25e6b182-4fd7-49cd-8f35-bc95bdeb1bca",1738747800492,"2025-02-05 09:30:00","Nissan Leaf","City Rapid Hub","IONITY","City Center","Rapid",11.600000,0.096667,8.004000,"GBP",71.064118,44.157196,16.323287,6.126217,"Road trip top-up"
"0faabed3-ca2b-4e08-b2ff-8c083b951139",1741697400492,"2025-03-11 12:50:00","Nissan Leaf","City Rapid Hub","IONITY","City Center","Rapid",8.400000,0.070000,5.796000,"GBP",57.113342,35.488585,14.707597,6.799207,"Road trip top-up"
"a8ac5844-58e8-497a-8891-1f5bc1d41f80",1743438000492,"2025-03-31 17:20:00","Nissan Leaf","City Rapid Hub","IONITY","City Center","Rapid",18.000000,0.150000,12.420000,"GBP",105.560476,65.592239,17.051837,5.864471,"Road trip top-up"
"367a90a2-ef4b-49c2-9eea-8faefd65b8ab",1741984200492,"2025-03-14 20:30:00","Nissan Leaf","Home Charger","","Home","Home",13.200000,1.783784,3.696000,"GBP",87.238047,54.207209,15.131013,6.608943,"Overnight home session"
"5e6ced64-d409-4d5f-af98-fba4105d233d",1741187400492,"2025-03-05 15:10:00","Nissan Leaf","Workplace Bay","","Office","Work",15.200000,1.381818,3.344000,"GBP",103.832267,64.518380,14.638995,6.83107,"Weekday office charging"
"7e1835a5-d0ba-4fa7-9667-7776f67d05e2",1745263200492,"2025-04-21 20:20:00","Nissan Leaf","Workplace Bay","","Office","Work",16.400000,1.490909,3.608000,"GBP",117.974707,73.306084,13.901285,7.19358,"Weekday office charging"
"9f481414-6ae6-4c92-b59f-7e1dea59246c",1744294800492,"2025-04-10 15:20:00","Nissan Leaf","City Rapid Hub","IONITY","City Center","Rapid",8.800000,0.073333,6.072000,"GBP",58.868402,36.579129,14.948597,6.689591,"Road trip top-up"
"e572c49c-0b17-453c-8ba1-19bb8271df1c",1743745800492,"2025-04-04 06:50:00","Nissan Leaf","Supermarket Point","Pod Point","Retail Park","Public",16.400000,0.745455,7.380000,"GBP",101.351642,62.976991,16.181287,6.179978,"Shopping stop"
"8b0b4fae-facd-4e6d-a38b-065d4b1d6f3e",1743512400492,"2025-04-01 14:00:00","Nissan Leaf","Home Charger","","Home","Home",8.400000,1.135135,2.352000,"GBP",56.729424,35.250030,14.807131,6.753503,"Overnight home session"
"753f29f3-2d00-422f-90b8-7952b163321e",1746276000492,"2025-05-03 13:40:00","Nissan Leaf","Home Charger","","Home","Home",8.800000,1.189189,2.464000,"GBP",48.233685,29.971022,18.244511,5.481101,"Overnight home session"
"03489ccf-1002-4532-b09f-b00376c88fcc",1748411400492,"2025-05-28 06:50:00","Nissan Leaf","Workplace Bay","","Office","Work",14.800000,1.345455,3.256000,"GBP",104.984694,65.234464,14.097293,7.09356,"Weekday office charging"
"550abbf3-23b5-4ffa-a9fd-36fc72b639d4",1746802800493,"2025-05-09 16:00:00","Nissan Leaf","Workplace Bay","","Office","Work",12.800000,1.163636,2.816000,"GBP",64.497203,40.076704,19.845822,5.038844,"Weekday office charging"
"ecaa857d-8be0-4192-af7d-d038ade79c3d",1750708200493,"2025-06-23 20:50:00","Nissan Leaf","City Rapid Hub","IONITY","City Center","Rapid",17.600000,0.146667,12.144000,"GBP",91.823374,57.056399,19.167233,5.217237,"Road trip top-up"
"9bff3e93-8a52-407d-86af-ba9cbbafa163",1749129600493,"2025-06-05 14:20:00","Nissan Leaf","Workplace Bay","","Office","Work",18.800000,1.709091,4.136000,"GBP",134.174328,83.372062,14.011622,7.136932,"Weekday office charging"
"6579e7c1-821a-4b24-bf60-41f7cb39a20d",1751001600493,"2025-06-27 06:20:00","Nissan Leaf","Home Charger","","Home","Home",18.000000,2.432432,5.040000,"GBP",127.587164,79.278988,14.108002,7.088176,"Overnight home session"
"f5c7dc0c-3f6d-4847-bde5-344dd7306e01",1752922200493,"2025-07-19 11:50:00","Nissan Leaf","City Rapid Hub","IONITY","City Center","Rapid",11.600000,0.096667,8.004000,"GBP",68.360748,42.477399,16.968802,5.893168,"Road trip top-up"
"af4a2d7d-e5a3-4cbc-94d9-e8c48eea353c",1753204200493,"2025-07-22 18:10:00","Nissan Leaf","Supermarket Point","Pod Point","Retail Park","Public",16.400000,0.745455,7.380000,"GBP",110.635469,68.745693,14.823456,6.746065,"Shopping stop"
"e6949ef1-cd64-4ac8-85f5-9a2d5fe05562",1753982400493,"2025-07-31 18:20:00","Nissan Leaf","Supermarket Point","Pod Point","Retail Park","Public",14.400000,0.654545,6.480000,"GBP",74.137387,46.066837,19.423398,5.14843,"Shopping stop"
"a998cbe0-0850-470d-9cd7-28eed97cda22",1753095000493,"2025-07-21 11:50:00","Nissan Leaf","Supermarket Point","Pod Point","Retail Park","Public",12.400000,0.563636,5.580000,"GBP",88.845590,55.206090,13.956799,7.164967,"Shopping stop"
"670beffd-1ae3-43b0-8d7e-4e6bc0ec50e3",1755792000493,"2025-08-21 17:00:00","Nissan Leaf","City Rapid Hub","IONITY","City Center","Rapid",20.000000,0.166667,13.800000,"GBP",123.245574,76.581249,16.227763,6.162279,"Road trip top-up"
"06e85536-b07f-4ba1-9504-ba8d0d3ed70e",1754744400493,"2025-08-09 14:00:00","Nissan Leaf","Supermarket Point","Pod Point","Retail Park","Public",16.000000,0.727273,7.200000,"GBP",92.443908,57.441981,17.307793,5.777744,"Shopping stop"
"45bab768-95da-48b3-9e58-00a8eb3e61a2",1756212600493,"2025-08-26 13:50:00","Nissan Leaf","Home Charger","","Home","Home",8.800000,1.189189,2.464000,"GBP",51.965052,32.289586,16.934458,5.90512,"Overnight home session"
"1ee77344-ade9-4d6b-ac83-c7dd52e0b02e",1754753400493,"2025-08-09 16:30:00","Nissan Leaf","Supermarket Point","Pod Point","Retail Park","Public",16.000000,0.727273,7.200000,"GBP",67.281546,41.806814,23.780666,4.205097,"Shopping stop"
"af0250a5-71a6-4ce5-a6d4-091be06dada4",1758483000493,"2025-09-21 20:30:00","Nissan Leaf","Home Charger","","Home","Home",18.000000,2.432432,5.040000,"GBP",103.868781,64.541068,17.329557,5.770488,"Overnight home session"
"517aa9af-6507-47cd-b2a2-002e0e0355a3",1756965000493,"2025-09-04 06:50:00","Nissan Leaf","Workplace Bay","","Office","Work",12.800000,1.163636,2.816000,"GBP",87.256821,54.218875,14.66934,6.816939,"Weekday office charging"
"e8cc48f1-47cb-43d4-8ffe-2115d3424797",1760952000493,"2025-10-20 10:20:00","Nissan Leaf","City Rapid Hub","IONITY","City Center","Rapid",15.200000,0.126667,10.488000,"GBP",85.839453,53.338163,17.707475,5.647332,"Road trip top-up"
"b45307ca-0b88-4b41-b5d3-c4548966361c",1759765800493,"2025-10-06 16:50:00","Nissan Leaf","Home Charger","","Home","Home",13.600000,1.837838,3.808000,"GBP",77.689581,48.274068,17.505565,5.712469,"Overnight home session"
"897a2120-2375-46a7-919f-44c10dc2121c",1760606400493,"2025-10-16 10:20:00","Nissan Leaf","Supermarket Point","Pod Point","Retail Park","Public",10.000000,0.454545,4.500000,"GBP",47.707826,29.644269,20.960922,4.770783,"Shopping stop"
"b5b38385-c99b-4271-9d81-05ee7a9b368c",1760122800493,"2025-10-10 20:00:00","Nissan Leaf","City Rapid Hub","IONITY","City Center","Rapid",12.400000,0.103333,8.556000,"GBP",85.781533,53.302173,14.455326,6.917866,"Road trip top-up"
"7f4553d4-6868-41e7-a9f7-46f363f80d0c",1763568000493,"2025-11-19 16:00:00","Nissan Leaf","Home Charger","","Home","Home",20.000000,2.702703,5.600000,"GBP",131.718826,81.846284,15.183858,6.585941,"Overnight home session"
"aa99f100-b4e0-4443-a98a-8e62bc780bb2",1762281000493,"2025-11-04 18:30:00","Nissan Leaf","Supermarket Point","Pod Point","Retail Park","Public",10.800000,0.490909,4.860000,"GBP",75.666355,47.016893,14.273187,7.006144,"Shopping stop"
"22ac2567-ffc4-4920-abf0-103bddc431ae",1765300800493,"2025-12-09 17:20:00","Nissan Leaf","Workplace Bay","","Office","Work",15.600000,1.418182,3.432000,"GBP",66.405992,41.262770,23.491856,4.256794,"Weekday office charging"
"44c42222-7b7a-4dc2-a98e-29365b5a8fd1",1766577000494,"2025-12-24 11:50:00","Nissan Leaf","City Rapid Hub","IONITY","City Center","Rapid",12.400000,0.103333,8.556000,"GBP",63.216062,39.280640,19.615268,5.09807,"Road trip top-up"
"a2963773-dada-4f5b-91ba-18245fee9d9b",1766652600494,"2025-12-25 08:50:00","Nissan Leaf","Home Charger","","Home","Home",20.800000,2.810811,5.824000,"GBP",96.055144,59.685899,21.654228,4.618036,"Overnight home session"
"0b300aa7-c0ae-4967-bfdb-1b1751219e92",1765656600494,"2025-12-13 20:10:00","Nissan Leaf","Home Charger","","Home","Home",18.400000,2.486486,5.152000,"GBP",110.672369,68.768622,16.625649,6.014803,"Overnight home session"
"9be9077f-4fb4-41ee-9e55-38ba9337c807",1768321200494,"2026-01-13 16:20:00","Nissan Leaf","Supermarket Point","Pod Point","Retail Park","Public",11.200000,0.509091,5.040000,"GBP",66.537490,41.344479,16.832616,5.940847,"Shopping stop"
"918d8b87-f5a8-446d-bfb3-d233e33b13a2",1769620200494,"2026-01-28 17:10:00","Nissan Leaf","Supermarket Point","Pod Point","Retail Park","Public",16.400000,0.745455,7.380000,"GBP",100.640743,62.535258,16.295587,6.136631,"Shopping stop"
"3f365c9b-3cb8-4858-9394-679cd41014d3",1770394800494,"2026-02-06 16:20:00","Nissan Leaf","City Rapid Hub","IONITY","City Center","Rapid",8.000000,0.066667,5.520000,"GBP",53.587024,33.297433,14.928987,6.698378,"Road trip top-up"
"5fd2f241-3636-4839-ac65-4cd53465d756",1771443600494,"2026-02-18 19:40:00","Nissan Leaf","Supermarket Point","Pod Point","Retail Park","Public",20.400000,0.927273,9.180000,"GBP",96.713557,60.095018,21.093217,4.740861,"Shopping stop"
"604481a0-42f3-4e06-844b-2d5cbfb23fb4",1770315600495,"2026-02-05 18:20:00","Nissan Leaf","Home Charger","","Home","Home",17.600000,2.378378,4.928000,"GBP",87.402275,54.309256,20.136776,4.966038,"Overnight home session"
"2f056b5c-98d1-42f4-a884-3fc33e8f2152",1774761600495,"2026-03-29 06:20:00","Nissan Leaf","Home Charger","","Home","Home",12.000000,1.621622,3.360000,"GBP",60.714881,37.726478,19.764512,5.059573,"Overnight home session"
"66323e66-8e56-4398-855b-98004948f2a6",1772975400495,"2026-03-08 13:10:00","Nissan Leaf","Home Charger","","Home","Home",14.800000,2.000000,4.144000,"GBP",98.139509,60.981064,15.080573,6.631048,"Overnight home session"
"2995eb87-41fd-480e-b957-6c7958277356",1775914800495,"2026-04-11 14:40:00","Nissan Leaf","Workplace Bay","","Office","Work",8.800000,0.800000,1.936000,"GBP",53.668377,33.347983,16.396993,6.098679,"Weekday office charging"
"b9b39f72-1871-4bb3-be82-91d21a90a93b",1776663600495,"2026-04-20 06:40:00","Nissan Leaf","Workplace Bay","","Office","Work",16.400000,1.490909,3.608000,"GBP",77.427248,48.111061,21.181174,4.721174,"Weekday office charging"
"cbe5a4fa-0c8b-4084-b961-8f6c2773ecdf",1683727800495,"2023-05-10 15:10:00","Hyundai Kona Electric","City Rapid Hub","IONITY","City Center","Rapid",23.680000,0.197333,16.339200,"GBP",135.109932,83.953420,17.526469,5.705656,"Road trip top-up"
"bc80a778-6215-445b-9348-d3074cde56f5",1684992600495,"2023-05-25 06:30:00","Hyundai Kona Electric","City Rapid Hub","IONITY","City Center","Rapid",26.880000,0.224000,18.547200,"GBP",153.410480,95.324853,17.521619,5.707235,"Road trip top-up"
"738743b5-f479-4423-9a52-cdfed9985cfa",1686381600495,"2023-06-10 08:20:00","Hyundai Kona Electric","Supermarket Point","Pod Point","Retail Park","Public",15.360000,0.698182,6.912000,"GBP",114.789599,71.326950,13.381003,7.473281,"Shopping stop"
"970e59b9-765c-42d7-9679-6f0fa50f2c3d",1686645600495,"2023-06-13 09:40:00","Hyundai Kona Electric","City Rapid Hub","IONITY","City Center","Rapid",21.760000,0.181333,15.014400,"GBP",130.484484,81.079299,16.676312,5.99653,"Road trip top-up"
"110c59b5-67cd-4e5e-9100-ebb78f0eaac6",1689782400495,"2023-07-19 17:00:00","Hyundai Kona Electric","Home Charger","","Home","Home",33.280000,4.497297,9.318400,"GBP",174.800142,108.615773,19.038886,5.252408,"Overnight home session"
"63e4031b-dee5-4775-98f7-9a35a767cd51",1688327400496,"2023-07-02 20:50:00","Hyundai Kona Electric","Workplace Bay","","Office","Work",24.320000,2.210909,5.350400,"GBP",106.425416,66.129688,22.851684,4.376045,"Weekday office charging"
"fe45dd17-beb1-4fa2-98d8-482c7cc3ca1e",1690135800496,"2023-07-23 19:10:00","Hyundai Kona Electric","City Rapid Hub","IONITY","City Center","Rapid",33.920000,0.282667,23.404800,"GBP",211.026360,131.125701,16.073821,6.221296,"Road trip top-up"
"139d9c4f-1d6a-4fdf-aa8a-bd70a212cf95",1693458600496,"2023-08-31 06:10:00","Hyundai Kona Electric","Home Charger","","Home","Home",17.280000,2.335135,4.838400,"GBP",91.995217,57.163178,18.783585,5.323797,"Overnight home session"
"6bccdc61-3f0f-4884-81bd-74b8e6c65629",1692165000496,"2023-08-16 06:50:00","Hyundai Kona Electric","Supermarket Point","Pod Point","Retail Park","Public",22.400000,1.018182,10.080000,"GBP",139.741312,86.831226,16.029619,6.238451,"Shopping stop"
"bb830225-3d39-45e4-a94b-823e549878aa",1695905400496,"2023-09-28 13:50:00","Hyundai Kona Electric","City Rapid Hub","IONITY","City Center","Rapid",14.720000,0.122667,10.156800,"GBP",97.894516,60.828832,15.036593,6.650443,"Road trip top-up"
"e060121b-633c-4f99-862d-c751550192e4",1693980000496,"2023-09-06 07:00:00","Hyundai Kona Electric","Supermarket Point","Pod Point","Retail Park","Public",23.040000,1.047273,10.368000,"GBP",177.253366,110.140135,12.998343,7.693288,"Shopping stop"
"97f3c78e-cf54-4975-bb57-695e5f0addc9",1693828800496,"2023-09-04 13:00:00","Hyundai Kona Electric","Supermarket Point","Pod Point","Retail Park","Public",21.120000,0.960000,9.504000,"GBP",164.728398,102.357481,12.821104,7.79964,"Shopping stop"
"a4661aad-0668-473b-8980-562265c1ce8b",1697483400496,"2023-10-16 20:10:00","Hyundai Kona Electric","Supermarket Point","Pod Point","Retail Park","Public",23.040000,1.047273,10.368000,"GBP",179.636034,111.620657,12.825934,7.796703,"Shopping stop"
"9b6d47fe-9c24-4b8b-b55e-9dda3b200861",1697360400496,"2023-10-15 10:00:00","Hyundai Kona Electric","City Rapid Hub","IONITY","City Center","Rapid",19.840000,0.165333,13.689600,"GBP",140.755699,87.461537,14.095344,7.094541,"Road trip top-up"
"fc0b3539-04f0-4a00-af6b-32e7059f2b79",1699792800496,"2023-11-12 12:40:00","Hyundai Kona Electric","Home Charger","","Home","Home",33.280000,4.497297,9.318400,"GBP",172.038768,106.899934,19.344477,5.169434,"Overnight home session"
"00cea94f-76dc-44ef-a7de-0020bca4a5df",1700922000496,"2023-11-25 14:20:00","Hyundai Kona Electric","City Rapid Hub","IONITY","City Center","Rapid",33.280000,0.277333,22.963200,"GBP",178.728317,111.056627,18.620441,5.370442,"Road trip top-up"
"fe3d4e43-ed13-4acc-82ab-2eebabcee1c5",1703007000496,"2023-12-19 17:30:00","Hyundai Kona Electric","Supermarket Point","Pod Point","Retail Park","Public",30.080000,1.367273,13.536000,"GBP",217.732484,135.292693,13.815118,7.238447,"Shopping stop"
"826049bc-e8a5-44a1-a9ad-3c709d1f13aa",1702323600497,"2023-12-11 19:40:00","Hyundai Kona Electric","Supermarket Point","Pod Point","Retail Park","Public",27.520000,1.250909,12.384000,"GBP",157.603741,97.930424,17.461514,5.72688,"Shopping stop"
"c7d3af29-56e1-4ef0-af2b-cb1536b0cdc6",1702128600497,"2023-12-09 13:30:00","Hyundai Kona Electric","Workplace Bay","","Office","Work",23.680000,2.152727,5.209600,"GBP",154.937328,96.273592,15.283599,6.542961,"Weekday office charging"
"44924d3d-0b23-43e8-917b-4d9f38ac5f76",1705302000497,"2024-01-15 07:00:00","Hyundai Kona Electric","Workplace Bay","","Office","Work",16.000000,1.454545,3.520000,"GBP",86.681875,53.861620,18.458299,5.417617,"Weekday office charging"
"a4d25ec9-a182-44f9-9422-86e7691cb38b",1706560200497,"2024-01-29 20:30:00","Hyundai Kona Electric","City Rapid Hub","IONITY","City Center","Rapid",34.560000,0.288000,23.846400,"GBP",204.996683,127.379033,16.858809,5.931617,"Road trip top-up"
"3781e2b7-bdff-436c-9880-5c857ce98440",1706024400497,"2024-01-23 15:40:00","Hyundai Kona Electric","Home Charger","","Home","Home",24.960000,3.372973,6.988800,"GBP",185.721144,115.401769,13.439504,7.440751,"Overnight home session"
"e3600797-5081-45d6-841a-64d288376bb8",1708518000497,"2024-02-21 12:20:00","Hyundai Kona Electric","Home Charger","","Home","Home",19.200000,2.594595,5.376000,"GBP",149.809785,93.087485,12.816252,7.802593,"Overnight home session"
"517f014a-b93a-46c5-b32e-7d74ae0f543a",1708201800497,"2024-02-17 20:30:00","Hyundai Kona Electric","City Rapid Hub","IONITY","City Center","Rapid",13.440000,0.112000,9.273600,"GBP",80.934850,50.290584,16.605949,6.021938,"Road trip top-up"
"a06399a8-3714-44ff-b7b8-d1db1694f820",1708620000497,"2024-02-22 16:40:00","Hyundai Kona Electric","Supermarket Point","Pod Point","Retail Park","Public",12.800000,0.581818,5.760000,"GBP",94.224964,58.548678,13.58451,7.361325,"Shopping stop"
"887fef16-6d76-4ef2-9455-35bdf5753f7f",1710618600497,"2024-03-16 19:50:00","Hyundai Kona Electric","Supermarket Point","Pod Point","Retail Park","Public",28.800000,1.309091,12.960000,"GBP",175.843329,109.263979,16.378216,6.105671,"Shopping stop"
"a18ab61c-077b-41fc-90ee-f18d3fc5ec60",1710401400497,"2024-03-14 07:30:00","Hyundai Kona Electric","City Rapid Hub","IONITY","City Center","Rapid",33.280000,0.277333,22.963200,"GBP",209.784796,130.354229,15.863876,6.30363,"Road trip top-up"
"6f53c444-5a93-4f80-85e1-e1d03401e365",1711646400497,"2024-03-28 17:20:00","Hyundai Kona Electric","City Rapid Hub","IONITY","City Center","Rapid",33.920000,0.282667,23.404800,"GBP",216.642032,134.615118,15.657165,6.386852,"Road trip top-up"
"c9dd19b8-6225-4923-bbcf-6db5853e1521",1712484600498,"2024-04-07 11:10:00","Hyundai Kona Electric","Home Charger","","Home","Home",33.920000,4.583784,9.497600,"GBP",178.566544,110.956106,18.99572,5.264344,"Overnight home session"
"6ad24425-3c47-40ee-897e-eb01e16e4757",1712904600498,"2024-04-12 07:50:00","Hyundai Kona Electric","Supermarket Point","Pod Point","Retail Park","Public",14.720000,0.669091,6.624000,"GBP",90.109964,55.991736,16.335596,6.121601,"Shopping stop"
"de58ca51-7bb2-4890-b0e9-baab380f71f1",1713096600498,"2024-04-14 13:10:00","Hyundai Kona Electric","Workplace Bay","","Office","Work",14.080000,1.280000,3.097600,"GBP",88.299697,54.866888,15.945695,6.271285,"Weekday office charging"
"208fe879-cc9b-4902-8c3d-32ab9f0d4415",1715504400498,"2024-05-12 10:00:00","Hyundai Kona Electric","Home Charger","","Home","Home",30.720000,4.151351,8.601600,"GBP",217.154898,134.933798,14.146584,7.068844,"Overnight home session"
"8e50ca9e-a5ad-46bf-8c8e-40198b1e91f8",1716441600498,"2024-05-23 06:20:00","Hyundai Kona Electric","Workplace Bay","","Office","Work",34.560000,3.141818,7.603200,"GBP",221.067805,137.365166,15.633213,6.396638,"Weekday office charging"
"3997d002-2f11-425a-9c71-fbf4a201963d",1718479200498,"2024-06-15 20:20:00","Hyundai Kona Electric","City Rapid Hub","IONITY","City Center","Rapid",28.800000,0.240000,19.872000,"GBP",203.214389,126.271567,14.172225,7.056055,"Road trip top-up"
"03c9381d-be91-4319-9b44-0b38624ea285",1718098200498,"2024-06-11 10:30:00","Hyundai Kona Electric","Supermarket Point","Pod Point","Retail Park","Public",19.840000,0.901818,8.928000,"GBP",89.591862,55.669802,22.144868,4.515719,"Shopping stop"
"5064e3a3-8a57-4a09-96e3-f958c5713ea1",1719306000498,"2024-06-25 10:00:00","Hyundai Kona Electric","Home Charger","","Home","Home",12.800000,1.729730,3.584000,"GBP",96.051382,59.683562,13.326201,7.504014,"Overnight home session"
"30467039-be7b-45f8-8edc-b080928abdd7",1721815800498,"2024-07-24 11:10:00","Hyundai Kona Electric","Supermarket Point","Pod Point","Retail Park","Public",21.120000,0.960000,9.504000,"GBP",102.509695,63.696571,20.602929,4.853679,"Shopping stop"
"fcb24576-8f04-4ad7-bfc1-c729aa058d7d",1719899400498,"2024-07-02 06:50:00","Hyundai Kona Electric","Supermarket Point","Pod Point","Retail Park","Public",27.520000,1.250909,12.384000,"GBP",134.919909,83.835345,20.397286,4.902613,"Shopping stop"
"58681865-2055-489c-84d3-4dc71c9f76a4",1723484400498,"2024-08-12 18:40:00","Hyundai Kona Electric","Supermarket Point","Pod Point","Retail Park","Public",33.920000,1.541818,15.264000,"GBP",217.322575,135.037988,15.608135,6.406916,"Shopping stop"
"4afe0de4-1f4b-404c-a31a-0a942ae2928b",1723567800498,"2024-08-13 17:50:00","Hyundai Kona Electric","Home Charger","","Home","Home",17.920000,2.421622,5.017600,"GBP",139.302238,86.558398,12.864115,7.773562,"Overnight home session"
"c4099044-318c-454c-af13-97809dfc878f",1725114600498,"2024-08-31 15:30:00","Hyundai Kona Electric","Home Charger","","Home","Home",19.840000,2.681081,5.555200,"GBP",87.617049,54.442710,22.643995,4.416182,"Overnight home session"
"a8062d81-44c7-4083-a52b-2d0a5531a7d2",1725084000498,"2024-08-31 07:00:00","Hyundai Kona Electric","City Rapid Hub","IONITY","City Center","Rapid",17.280000,0.144000,11.923200,"GBP",109.293613,67.911903,15.810622,6.324862,"Road trip top-up"
"5110f866-357e-412e-977d-421c3068a58a",1726290600499,"2024-09-14 06:10:00","Hyundai Kona Electric","Workplace Bay","","Office","Work",26.240000,2.385455,5.772800,"GBP",126.487209,78.595508,20.745181,4.820397,"Weekday office charging"
"946a346e-e1f7-41d1-8cec-1e5c5d0836aa",1725796200499,"2024-09-08 12:50:00","Hyundai Kona Electric","Supermarket Point","Pod Point","Retail Park","Public",16.000000,0.727273,7.200000,"GBP",94.993395,59.026159,16.843276,5.937087,"Shopping stop"
"fc91ce22-cdf4-4ecb-a4b7-3149841ae687",1727019000499,"2024-09-22 16:30:00","Hyundai Kona Electric","Home Charger","","Home","Home",13.440000,1.816216,3.763200,"GBP",68.703760,42.690537,19.562248,5.111887,"Overnight home session"
"993f793a-f5db-4ff7-843f-2c734d5a555c",1728129000499,"2024-10-05 12:50:00","Hyundai Kona Electric","Workplace Bay","","Office","Work",21.120000,1.920000,4.646400,"GBP",143.889579,89.408839,14.677922,6.812954,"Weekday office charging"
"8d071e55-d74a-4d15-9768-1581e9c2b0fd",1729441800499,"2024-10-20 17:30:00","Hyundai Kona Electric","City Rapid Hub","IONITY","City Center","Rapid",32.640000,0.272000,22.521600,"GBP",233.532668,145.110472,13.976631,7.1548,"Road trip top-up"
"9d49134e-a195-4cb8-96c6-bd95526add42",1731939000499,"2024-11-18 14:10:00","Hyundai Kona Electric","Home Charger","","Home","Home",21.760000,2.940541,6.092800,"GBP",150.989202,93.820340,14.411627,6.938842,"Overnight home session"
"6d9d64dc-58ab-472b-ae38-68db60643011",1732860000499,"2024-11-29 06:00:00","Hyundai Kona Electric","City Rapid Hub","IONITY","City Center","Rapid",21.120000,0.176000,14.572800,"GBP",119.534197,74.275107,17.668584,5.659763,"Road trip top-up"
"a8e601e3-bd1a-481b-97c5-a0752189a971",1731054600499,"2024-11-08 08:30:00","Hyundai Kona Electric","Supermarket Point","Pod Point","Retail Park","Public",16.640000,0.756364,7.488000,"GBP",118.424209,73.585392,14.051181,7.116839,"Shopping stop"
"352bfd6e-581b-443c-a218-3ecc8f730c38",1735381200499,"2024-12-28 10:20:00","Hyundai Kona Electric","Home Charger","","Home","Home",31.360000,4.237838,8.780800,"GBP",225.672303,140.226268,13.896256,7.196183,"Overnight home session"
"c11d69af-eaf4-4660-8bb9-53e1484b7c1c",1733382600499,"2024-12-05 07:10:00","Hyundai Kona Electric","Supermarket Point","Pod Point","Retail Park","Public",18.560000,0.843636,8.352000,"GBP",103.328596,64.205413,17.962114,5.567273,"Shopping stop"
"05a0084f-4c32-4526-bcc7-3235b9b2b07a",1735029600499,"2024-12-24 08:40:00","Hyundai Kona Electric","Workplace Bay","","Office","Work",21.120000,1.920000,4.646400,"GBP",157.326488,97.758147,13.424313,7.449171,"Weekday office charging"
"fba39465-5f1a-4cad-881f-a7b020bba830",1734722400499,"2024-12-20 19:20:00","Hyundai Kona Electric","City Rapid Hub","IONITY","City Center","Rapid",18.560000,0.154667,12.806400,"GBP",103.261377,64.163645,17.973806,5.563652,"Road trip top-up"
"85be4144-08ef-4fe1-a6e6-2fa5e19a114c",1737186600499,"2025-01-18 07:50:00","Hyundai Kona Electric","Workplace Bay","","Office","Work",32.000000,2.909091,7.040000,"GBP",247.381421,153.715689,12.93549,7.730669,"Weekday office charging"
"839271f5-8365-4cf1-bc02-3947e6da4799",1736964600500,"2025-01-15 18:10:00","Hyundai Kona Electric","Supermarket Point","Pod Point","Retail Park","Public",15.360000,0.698182,6.912000,"GBP",119.603529,74.318187,12.84243,7.786688,"Shopping stop"
"fb65769f-69c8-4cdd-81d4-0573a44d4272",1736596800500,"2025-01-11 12:00:00","Hyundai Kona Electric","City Rapid Hub","IONITY","City Center","Rapid",33.280000,0.277333,22.963200,"GBP",187.983633,116.807614,17.703669,5.648547,"Road trip top-up"
"3c322a2c-50ca-44d8-8ff2-61755c22ff19",1738419000500,"2025-02-01 14:10:00","Hyundai Kona Electric","City Rapid Hub","IONITY","City Center","Rapid",18.560000,0.154667,12.806400,"GBP",83.264738,51.738310,22.290348,4.486247,"Road trip top-up"
"456905a6-944c-40a1-b856-487134d437c8",1738852800500,"2025-02-06 14:40:00","Hyundai Kona Electric","Workplace Bay","","Office","Work",27.520000,2.501818,6.054400,"GBP",126.628451,78.683272,21.732873,4.601325,"Weekday office charging"
"b9230138-3bcd-45a0-b482-dd0ab8d6c541",1738508400500,"2025-02-02 15:00:00","Hyundai Kona Electric","Workplace Bay","","Office","Work",30.720000,2.792727,6.758400,"GBP",236.255315,146.802247,13.002882,7.690603,"Weekday office charging"
"25f1fe9d-69c1-481e-ab4e-f82cbb1da5da",1743076200500,"2025-03-27 11:50:00","Hyundai Kona Electric","Supermarket Point","Pod Point","Retail Park","Public",24.320000,1.105455,10.944000,"GBP",126.743478,78.754746,19.188364,5.211492,"Shopping stop"
"503ee3d0-7fa9-4413-b56b-2be23345f354",1743173400500,"2025-03-28 14:50:00","Hyundai Kona Electric","Home Charger","","Home","Home",14.080000,1.902703,3.942400,"GBP",77.117359,47.918505,18.257887,5.477085,"Overnight home session"
"c767fdda-25ad-44aa-b2d8-6fc0743d9467",1741674000500,"2025-03-11 06:20:00","Hyundai Kona Electric","Workplace Bay","","Office","Work",22.400000,2.036364,4.928000,"GBP",154.729023,96.144157,14.476922,6.907546,"Weekday office charging"
"05cde73f-1328-46a1-8294-16745794a5c6",1742829000500,"2025-03-24 15:10:00","Hyundai Kona Electric","City Rapid Hub","IONITY","City Center","Rapid",19.200000,0.160000,13.248000,"GBP",112.798439,70.089701,17.021512,5.874919,"Road trip top-up"
"e9f8ba8a-af9c-4ef3-8cce-1db407ab9537",1744123200500,"2025-04-08 15:40:00","Hyundai Kona Electric","Workplace Bay","","Office","Work",16.000000,1.454545,3.520000,"GBP",119.777428,74.426243,13.35811,7.486089,"Weekday office charging"
"39531c7a-4d15-4fd8-890e-b515093c6ea2",1745679000500,"2025-04-26 15:50:00","Hyundai Kona Electric","Workplace Bay","","Office","Work",34.560000,3.141818,7.603200,"GBP",172.563118,107.225750,20.027455,4.993146,"Weekday office charging"
"ece6f685-0d00-40c0-9611-fcd45bc6a32e",1747482600500,"2025-05-17 12:50:00","Hyundai Kona Electric","Home Charger","","Home","Home",19.840000,2.681081,5.555200,"GBP",101.757654,63.229275,19.497305,5.128914,"Overnight home session"
"66a3fec8-a203-42e7-b7e8-ea17e412081e",1746695400500,"2025-05-08 10:10:00","Hyundai Kona Electric","Workplace Bay","","Office","Work",14.720000,1.338182,3.238400,"GBP",100.613175,62.518129,14.630291,6.835134,"Weekday office charging"
"0cc9ab2e-5d40-40a9-8cc7-8d2861e84a0b",1746519600500,"2025-05-06 09:20:00","Hyundai Kona Electric","City Rapid Hub","IONITY","City Center","Rapid",27.520000,0.229333,18.988800,"GBP",145.626858,90.488334,18.897613,5.291674,"Road trip top-up"
"92d37c73-bcd5-4d40-b3fe-581697cd3d7c",1750102200501,"2025-06-16 20:30:00","Hyundai Kona Electric","Supermarket Point","Pod Point","Retail Park","Public",16.640000,0.756364,7.488000,"GBP",108.076675,67.155732,15.396477,6.494992,"Shopping stop"
"670b4422-d5d7-4bda-8925-d24cb77f8a7a",1749567600501,"2025-06-10 16:00:00","Hyundai Kona Electric","Workplace Bay","","Office","Work",14.720000,1.338182,3.238400,"GBP",64.788857,40.257929,22.719956,4.401417,"Weekday office charging"
"5fbe0b44-e808-4c7f-b284-496683d04034",1749567600501,"2025-06-10 16:00:00","Hyundai Kona Electric","City Rapid Hub","IONITY","City Center","Rapid",13.440000,0.112000,9.273600,"GBP",77.292477,48.027319,17.388497,5.750928,"Road trip top-up"
"6e5d25f0-bc4a-4c0a-bf43-4652ae21ccf6",1751375400501,"2025-07-01 14:10:00","Hyundai Kona Electric","Workplace Bay","","Office","Work",23.040000,2.094545,5.068800,"GBP",151.453485,94.108833,15.212592,6.573502,"Weekday office charging"
"74d33e75-636c-4142-b655-65ef395d1758",1751694600501,"2025-07-05 06:50:00","Hyundai Kona Electric","Supermarket Point","Pod Point","Retail Park","Public",14.720000,0.669091,6.624000,"GBP",66.130154,41.091373,22.259135,4.492538,"Shopping stop"
"7743548e-fec7-4062-a6c8-04b2967c2459",1756405200501,"2025-08-28 19:20:00","Hyundai Kona Electric","Workplace Bay","","Office","Work",34.560000,3.141818,7.603200,"GBP",160.219836,99.555991,21.570363,4.635991,"Weekday office charging"
"1c93acc7-14c9-400f-8408-879c13429fac",1755442200501,"2025-08-17 15:50:00","Hyundai Kona Electric","Supermarket Point","Pod Point","Retail Park","Public",33.920000,1.541818,15.264000,"GBP",229.574969,142.651272,14.77513,6.76813,"Shopping stop"
"eccb6a7e-489a-4a15-b466-d20bca1a83e0",1757354400501,"2025-09-08 19:00:00","Hyundai Kona Electric","Home Charger","","Home","Home",33.920000,4.583784,9.497600,"GBP",177.279238,110.156211,19.133656,5.226393,"Overnight home session"
"ae045309-7ae1-45f5-b109-b4ed079e275d",1756806600502,"2025-09-02 10:50:00","Hyundai Kona Electric","Home Charger","","Home","Home",25.600000,3.459459,7.168000,"GBP",174.696950,108.551652,14.653948,6.8241,"Overnight home session"
"245d76c6-7ff0-4804-8301-4fe53a2d525d",1758722400502,"2025-09-24 15:00:00","Hyundai Kona Electric","Home Charger","","Home","Home",26.240000,3.545946,7.347200,"GBP",132.134253,82.104418,19.85859,5.035604,"Overnight home session"
"84ec583d-fde4-47a1-9f3f-8145180ad6dd",1761305400502,"2025-10-24 12:30:00","Hyundai Kona Electric","Workplace Bay","","Office","Work",14.080000,1.280000,3.097600,"GBP",68.560644,42.601609,20.536563,4.869364,"Weekday office charging"
"7544a3e6-889a-434d-b7ff-bd9c683a84a9",1760111400502,"2025-10-10 16:50:00","Hyundai Kona Electric","Workplace Bay","","Office","Work",24.320000,2.210909,5.350400,"GBP",141.501418,87.924905,17.187107,5.818315,"Weekday office charging"
"72ad7ff1-ea4d-42e9-bd85-c105cc691654",1759413600502,"2025-10-02 15:00:00","Hyundai Kona Electric","Supermarket Point","Pod Point","Retail Park","Public",27.520000,1.250909,12.384000,"GBP",129.781650,80.642579,21.204847,4.715903,"Shopping stop"
"7d106031-0437-4ed6-bbd4-3ee68c7e8b61",1762668000502,"2025-11-09 06:00:00","Hyundai Kona Electric","City Rapid Hub","IONITY","City Center","Rapid",28.800000,0.240000,19.872000,"GBP",134.901888,83.824147,21.348849,4.684093,"Road trip top-up"
"bc614d51-5ba8-4737-bf68-9795925a47f0",1763716800502,"2025-11-21 09:20:00","Hyundai Kona Electric","Home Charger","","Home","Home",27.520000,3.718919,7.705600,"GBP",178.036157,110.626539,15.457534,6.469337,"Overnight home session"
"9227dc9f-609b-4ddb-9f2d-1e6583c61ee1",1763755200502,"2025-11-21 20:00:00","Hyundai Kona Electric","Home Charger","","Home","Home",32.000000,4.324324,8.960000,"GBP",163.593736,101.652435,19.560651,5.112304,"Overnight home session"
"46724968-e798-4b40-9595-918c94ed57e6",1764055800502,"2025-11-25 07:30:00","Hyundai Kona Electric","Workplace Bay","","Office","Work",21.120000,1.920000,4.646400,"GBP",123.098592,76.489919,17.156979,5.828532,"Weekday office charging"
"cc43d0b4-a5eb-412b-9f9c-d46ecbd98351",1766067000502,"2025-12-18 14:10:00","Hyundai Kona Electric","Home Charger","","Home","Home",14.080000,1.902703,3.942400,"GBP",89.869745,55.842471,15.667119,6.382794,"Overnight home session"
"f0065ab3-5eba-4b72-a297-6b413c63ef4a",1766914800502,"2025-12-28 09:40:00","Hyundai Kona Electric","Home Charger","","Home","Home",17.920000,2.421622,5.017600,"GBP",116.799857,72.576066,15.342485,6.517849,"Overnight home session"
"0dcce630-4840-4ddb-85cd-b1517b8f8a6e",1767730200502,"2026-01-06 20:10:00","Hyundai Kona Electric","Home Charger","","Home","Home",35.200000,4.756757,9.856000,"GBP",157.224086,97.694518,22.388427,4.466593,"Overnight home session"
"81f2187f-a493-4d10-ad1d-c8734790045f",1769803200502,"2026-01-30 20:00:00","Hyundai Kona Electric","Supermarket Point","Pod Point","Retail Park","Public",23.040000,1.047273,10.368000,"GBP",145.162783,90.199972,15.871837,6.300468,"Shopping stop"
"8c6736f3-7419-4b9f-99c2-37cb213ede43",1769085600503,"2026-01-22 12:40:00","Hyundai Kona Electric","Workplace Bay","","Office","Work",24.320000,2.210909,5.350400,"GBP",183.358223,113.933518,13.263654,7.539401,"Weekday office charging"
"ea9de048-575e-4268-ba56-66ca0891e5d2",1767250800503,"2026-01-01 07:00:00","Hyundai Kona Electric","Home Charger","","Home","Home",14.720000,1.989189,4.121600,"GBP",102.579430,63.739903,14.349856,6.968711,"Overnight home session"
"ec18e952-9bc9-4dc1-8c14-6b7a65fa09dd",1770224400503,"2026-02-04 17:00:00","Hyundai Kona Electric","City Rapid Hub","IONITY","City Center","Rapid",15.360000,0.128000,10.598400,"GBP",74.909819,46.546804,20.504655,4.876941,"Road trip top-up"
"3d568269-58a6-4f40-a385-16a7aa3ce72c",1770106800503,"2026-02-03 08:20:00","Hyundai Kona Electric","Workplace Bay","","Office","Work",24.960000,2.269091,5.491200,"GBP",138.311788,85.942961,18.046184,5.541338,"Weekday office charging"
"7758e351-f8f9-4e5b-861b-93123c592f33",1770993600503,"2026-02-13 14:40:00","Hyundai Kona Electric","Workplace Bay","","Office","Work",19.840000,1.803636,4.364800,"GBP",103.942660,64.586975,19.087447,5.239045,"Weekday office charging"
"438fb537-8e47-4cbe-b2ff-f59b004a7b8e",1769956200503,"2026-02-01 14:30:00","Hyundai Kona Electric","Home Charger","","Home","Home",13.440000,1.816216,3.763200,"GBP",97.266923,60.438864,13.817647,7.237122,"Overnight home session"
"2dcc5e77-75d9-4418-910d-57ffc57a011c",1774893600503,"2026-03-30 19:00:00","Hyundai Kona Electric","Supermarket Point","Pod Point","Retail Park","Public",34.560000,1.570909,15.552000,"GBP",186.226065,115.715512,18.55809,5.388486,"Shopping stop"
"a78e031b-f37f-4247-b6f0-68ef79e2b3aa",1773222000503,"2026-03-11 09:40:00","Hyundai Kona Electric","City Rapid Hub","IONITY","City Center","Rapid",25.600000,0.213333,17.664000,"GBP",165.602641,102.900710,15.458691,6.468853,"Road trip top-up"
"9c2f4146-c23c-4355-87ae-60146786b6ba",1776319800503,"2026-04-16 07:10:00","Hyundai Kona Electric","City Rapid Hub","IONITY","City Center","Rapid",28.160000,0.234667,19.430400,"GBP",201.155607,124.992299,13.999113,7.14331,"Road trip top-up"
"a65cf616-a4db-4974-aeb7-b4198ec83c4f",1776183000503,"2026-04-14 17:10:00","Hyundai Kona Electric","Home Charger","","Home","Home",14.720000,1.989189,4.121600,"GBP",95.301995,59.217914,15.445637,6.47432,"Overnight home session"
"852a6adb-9ebc-4e13-8339-5eb8da93138f",1683097800503,"2023-05-03 08:10:00","Kia EV6","Workplace Bay","","Office","Work",20.124000,1.829455,4.427280,"GBP",137.592497,85.496014,14.625798,6.837234,"Weekday office charging"
"b2def760-ba4e-4e17-9955-98bdd146148e",1683642000503,"2023-05-09 15:20:00","Kia EV6","City Rapid Hub","IONITY","City Center","Rapid",22.446000,0.187050,15.487740,"GBP",145.517966,90.420672,15.424899,6.483024,"Road trip top-up"
"9dcbd838-ab67-4f55-86e7-f35afe9da3ef",1688149200503,"2023-06-30 19:20:00","Kia EV6","Supermarket Point","Pod Point","Retail Park","Public",16.254000,0.738818,7.314300,"GBP",99.938534,62.098926,16.263997,6.14855,"Shopping stop"
"3d4e22a6-2e94-41c0-9e46-11b40c0f0312",1686814800504,"2023-06-15 08:40:00","Kia EV6","City Rapid Hub","IONITY","City Center","Rapid",27.864000,0.232200,19.226160,"GBP",113.721976,70.663560,24.501861,4.081323,"Road trip top-up"
"6d2173d5-5462-40e2-9e2a-d73281914124",1690177200504,"2023-07-24 06:40:00","Kia EV6","Home Charger","","Home","Home",34.830000,4.706757,9.752400,"GBP",161.344800,100.255011,21.587309,4.632351,"Overnight home session"
"8dda7f2e-518e-4d59-bf5e-f22cfaace578",1689593400504,"2023-07-17 12:30:00","Kia EV6","Workplace Bay","","Office","Work",38.700000,3.518182,8.514000,"GBP",174.224252,108.257931,22.212751,4.501919,"Weekday office charging"
"4fbb8df1-b620-49aa-b77f-14dbe38355fa",1691490600504,"2023-08-08 11:30:00","Kia EV6","Supermarket Point","Pod Point","Retail Park","Public",20.898000,0.949909,9.404100,"GBP",123.905118,76.991071,16.866131,5.929042,"Shopping stop"
"829b8daf-7111-4e9b-a100-f6978925dd86",1693228800504,"2023-08-28 14:20:00","Kia EV6","Home Charger","","Home","Home",34.056000,4.602162,9.535680,"GBP",143.966467,89.456615,23.655509,4.227345,"Overnight home session"
"4c1008bc-e352-4d68-9cf9-240209ae6e16",1690872000504,"2023-08-01 07:40:00","Kia EV6","Workplace Bay","","Office","Work",27.090000,2.462727,5.959800,"GBP",111.939967,69.556271,24.200472,4.132151,"Weekday office charging"
"678694db-d302-450c-bfd0-9009b7fa9c96",1694502000504,"2023-09-12 08:00:00","Kia EV6","Supermarket Point","Pod Point","Retail Park","Public",24.768000,1.125818,11.145600,"GBP",147.459548,91.627115,16.796471,5.953632,"Shopping stop"
"96ab1f8b-5619-41b8-a323-5d217d07384f",1694840400504,"2023-09-16 06:00:00","Kia EV6","Workplace Bay","","Office","Work",31.734000,2.884909,6.981480,"GBP",197.007097,122.414535,16.108049,6.208076,"Weekday office charging"
"a852e628-0e2d-4295-bd63-5579e94c1eba",1695739800504,"2023-09-26 15:50:00","Kia EV6","Home Charger","","Home","Home",17.802000,2.405676,4.984560,"GBP",77.190172,47.963749,23.062521,4.336039,"Overnight home session"
"190050ab-6009-4b42-9bd3-41bee120a461",1697104800504,"2023-10-12 11:00:00","Kia EV6","Workplace Bay","","Office","Work",25.542000,2.322000,5.619240,"GBP",165.968880,103.128281,15.389632,6.497881,"Weekday office charging"
"d7a8b9f0-25de-4a97-a016-0e8a7a4fd8e0",1697790000505,"2023-10-20 09:20:00","Kia EV6","Home Charger","","Home","Home",34.056000,4.602162,9.535680,"GBP",179.014696,111.234575,19.024136,5.25648,"Overnight home session"
"dcb036c2-61cb-491a-8db6-eb941f012911",1697891400505,"2023-10-21 13:30:00","Kia EV6","Home Charger","","Home","Home",21.672000,2.928649,6.068160,"GBP",104.801426,65.120587,20.679108,4.835799,"Overnight home session"
"734e4d44-b244-4bbc-880b-068cd198693c",1696851000505,"2023-10-09 12:30:00","Kia EV6","Home Charger","","Home","Home",22.446000,3.033243,6.284880,"GBP",92.685001,57.591790,24.217511,4.129244,"Overnight home session"
"896f9adc-bd58-4449-a237-54f1539f5c43",1699026600505,"2023-11-03 15:50:00","Kia EV6","Supermarket Point","Pod Point","Retail Park","Public",34.056000,1.548000,15.325200,"GBP",197.882375,122.958407,17.210224,5.8105,"Shopping stop"
"197d0f95-445b-4d93-8f3d-f7ea46161106",1700595000505,"2023-11-21 19:30:00","Kia EV6","City Rapid Hub","IONITY","City Center","Rapid",33.282000,0.277350,22.964580,"GBP",216.320906,134.415579,15.385476,6.499637,"Road trip top-up"
"1f249ccb-cb27-4ace-a48f-c4fb55f0b872",1700811600505,"2023-11-24 07:40:00","Kia EV6","Supermarket Point","Pod Point","Retail Park","Public",26.316000,1.196182,11.842200,"GBP",131.886742,81.950622,19.953484,5.011656,"Shopping stop"
"49b6783c-86b7-415a-8f5f-05d90a4e1c0f",1702584000505,"2023-12-14 20:00:00","Kia EV6","Supermarket Point","Pod Point","Retail Park","Public",17.802000,0.809182,8.010900,"GBP",95.203374,59.156634,18.698917,5.347903,"Shopping stop"
"ff1a12d9-b929-46ed-82ed-3f89a58075b8",1703574600505,"2023-12-26 07:10:00","Kia EV6","Home Charger","","Home","Home",22.446000,3.033243,6.284880,"GBP",148.127750,92.042317,15.153136,6.599294,"Overnight home session"
"16c94822-77c4-4494-b625-2a9c55c7e542",1702894800505,"2023-12-18 10:20:00","Kia EV6","Supermarket Point","Pod Point","Retail Park","Public",16.254000,0.738818,7.314300,"GBP",92.329633,57.370974,17.604316,5.680425,"Shopping stop"
"e1c04583-ef03-4c40-9f28-b977c12bf562",1701501600505,"2023-12-02 07:20:00","Kia EV6","Workplace Bay","","Office","Work",26.316000,2.392364,5.789520,"GBP",141.204902,87.740658,18.636747,5.365743,"Weekday office charging"
"cf137279-bd89-49c1-91fe-94b39f2e4eac",1705514400505,"2024-01-17 18:00:00","Kia EV6","Home Charger","","Home","Home",21.672000,2.928649,6.068160,"GBP",149.501411,92.895870,14.496184,6.898367,"Overnight home session"
"af53d2a0-7a76-4012-ac0d-9d11d7e56374",1704883200505,"2024-01-10 10:40:00","Kia EV6","Home Charger","","Home","Home",20.898000,2.824054,5.851440,"GBP",113.065632,70.255727,18.48307,5.410357,"Overnight home session"
"c5877dfd-1965-4e32-9758-7af070b0c282",1706295600505,"2024-01-26 19:00:00","Kia EV6","Workplace Bay","","Office","Work",39.474000,3.588545,8.684280,"GBP",217.542722,135.174781,18.145401,5.511038,"Weekday office charging"
"c8b88656-a22d-4fc9-aa75-752221d97690",1705168200505,"2024-01-13 17:50:00","Kia EV6","City Rapid Hub","IONITY","City Center","Rapid",22.446000,0.187050,15.487740,"GBP",144.475288,89.772782,15.536221,6.436572,"Road trip top-up"
"eaaf12b4-8df4-4132-a7c5-6d9d51e2a7d4",1707927600505,"2024-02-14 16:20:00","Kia EV6","Workplace Bay","","Office","Work",16.254000,1.477636,3.575880,"GBP",87.026366,54.075677,18.677098,5.354151,"Weekday office charging"
"8d2d5fc1-870f-4f53-8ff6-dc81655d69db",1708339800506,"2024-02-19 10:50:00","Kia EV6","Supermarket Point","Pod Point","Retail Park","Public",30.960000,1.407273,13.932000,"GBP",122.491960,76.112975,25.275128,3.956459,"Shopping stop"
"c55b73c2-626d-4c37-ba2a-d24c4ec0d34f",1709206200506,"2024-02-29 11:30:00","Kia EV6","City Rapid Hub","IONITY","City Center","Rapid",30.960000,0.258000,21.362400,"GBP",169.993225,105.628893,18.212491,5.490737,"Road trip top-up"
"1ed2db97-ebc8-479e-9d19-8708ae46e40c",1708620000506,"2024-02-22 16:40:00","Kia EV6","Home Charger","","Home","Home",21.672000,2.928649,6.068160,"GBP",89.376106,55.535738,24.248092,4.124036,"Overnight home session"
"63d29b6e-a2ed-4059-b6d7-cfa5e6c2c911",1710448800506,"2024-03-14 20:40:00","Kia EV6","Supermarket Point","Pod Point","Retail Park","Public",32.508000,1.477636,14.628600,"GBP",128.645119,79.936371,25.269517,3.957337,"Shopping stop"
"7cede867-da1f-4315-874d-455ad04b54df",1710061200506,"2024-03-10 09:00:00","Kia EV6","Home Charger","","Home","Home",24.768000,3.347027,6.935040,"GBP",162.101815,100.725398,15.279286,6.544808,"Overnight home session"
"fe7d2477-5e7f-42c7-b764-30b87001287e",1712431800506,"2024-04-06 20:30:00","Kia EV6","Workplace Bay","","Office","Work",37.152000,3.377455,8.173440,"GBP",254.585029,158.191803,14.59316,6.852526,"Weekday office charging"
"b75697a6-beb4-4574-9db2-5d5cb8c856ae",1713979800506,"2024-04-24 18:30:00","Kia EV6","Supermarket Point","Pod Point","Retail Park","Public",34.830000,1.583182,15.673500,"GBP",201.081270,124.946108,17.321355,5.77322,"Shopping stop"
"e093308c-a2af-4715-9396-dd5d8aaeec37",1712074800506,"2024-04-02 17:20:00","Kia EV6","Supermarket Point","Pod Point","Retail Park","Public",25.542000,1.161000,11.493900,"GBP",174.128831,108.198639,14.66845,6.817353,"Shopping stop"
"b9ba21e6-2511-457a-9344-f64249ac1657",1714303200506,"2024-04-28 12:20:00","Kia EV6","Home Charger","","Home","Home",41.022000,5.543514,11.486160,"GBP",208.929943,129.823048,19.634333,5.093119,"Overnight home session"
"4b83f4cb-f103-4d0d-8d25-7701e6207c49",1716232200506,"2024-05-20 20:10:00","Kia EV6","Workplace Bay","","Office","Work",31.734000,2.884909,6.981480,"GBP",215.411666,133.850604,14.731793,6.78804,"Weekday office charging"
"372e1f41-9dc5-4573-a463-769943c9f00a",1716394200507,"2024-05-22 17:10:00","Kia EV6","Home Charger","","Home","Home",27.864000,3.765405,7.801920,"GBP",190.342654,118.273442,14.638863,6.831132,"Overnight home session"
"85fce056-08a3-4c0d-972d-e31cb7f4ac1b",1716116400507,"2024-05-19 12:00:00","Kia EV6","Home Charger","","Home","Home",34.056000,4.602162,9.535680,"GBP",162.122989,100.738555,21.006274,4.760482,"Overnight home session"
"c7fcbc0b-4b10-4690-ba53-3175fdedbf0d",1719594000507,"2024-06-28 18:00:00","Kia EV6","Workplace Bay","","Office","Work",21.672000,1.970182,4.767840,"GBP",96.705462,60.089988,22.410316,4.462231,"Weekday office charging"
"aa758bbb-b13b-468c-9805-3e0e14df0a26",1717694400507,"2024-06-06 18:20:00","Kia EV6","Home Charger","","Home","Home",26.316000,3.556216,7.368480,"GBP",149.885219,93.134357,17.557435,5.695593,"Overnight home session"
"db230694-883f-4e97-bf2e-4f1da992d6ca",1719510600507,"2024-06-27 18:50:00","Kia EV6","Home Charger","","Home","Home",18.576000,2.510270,5.201280,"GBP",109.180868,67.841846,17.01397,5.877523,"Overnight home session"
"06a2a22e-9460-4255-a8c1-4d57f7727f26",1721558400507,"2024-07-21 11:40:00","Kia EV6","Supermarket Point","Pod Point","Retail Park","Public",28.638000,1.301727,12.887100,"GBP",116.119336,72.153210,24.662559,4.054729,"Shopping stop"
"da8dc4fa-1ff9-4d2a-bea7-9077560e3191",1722161400507,"2024-07-28 11:10:00","Kia EV6","Home Charger","","Home","Home",18.576000,2.510270,5.201280,"GBP",96.017072,59.662243,19.34656,5.168878,"Overnight home session"
"f52a7c6c-bfbc-43a2-afde-d52c2dcfa9e2",1722849600507,"2024-08-05 10:20:00","Kia EV6","City Rapid Hub","IONITY","City Center","Rapid",31.734000,0.264450,21.896460,"GBP",151.087452,93.881390,21.00373,4.761059,"Road trip top-up"
"15cc6349-dd37-4bf3-a2fa-9d5d233b35bd",1724863200507,"2024-08-28 17:40:00","Kia EV6","City Rapid Hub","IONITY","City Center","Rapid",30.960000,0.258000,21.362400,"GBP",126.828597,78.807637,24.410898,4.096531,"Road trip top-up"
"7e2d3494-bec3-40c4-83df-a77440d2904a",1724130600507,"2024-08-20 06:10:00","Kia EV6","Home Charger","","Home","Home",33.282000,4.497568,9.318960,"GBP",193.556032,120.270142,17.195021,5.815637,"Overnight home session"
"ff8d4c29-668c-4635-b644-6c6fd6e8056a",1722591600508,"2024-08-02 10:40:00","Kia EV6","Supermarket Point","Pod Point","Retail Park","Public",18.576000,0.844364,8.359200,"GBP",75.796398,47.097698,24.507761,4.08034,"Shopping stop"
"e65e729c-8fee-4eda-8ddd-8d24a7b8ea8e",1725859800508,"2024-09-09 06:30:00","Kia EV6","Supermarket Point","Pod Point","Retail Park","Public",41.796000,1.899818,18.808200,"GBP",259.840399,161.457339,16.085259,6.216872,"Shopping stop"
"fb377ab6-ca41-43f5-8cc0-260695615af6",1727010000508,"2024-09-22 14:00:00","Kia EV6","Workplace Bay","","Office","Work",25.542000,2.322000,5.619240,"GBP",175.249063,108.894719,14.574686,6.861211,"Weekday office charging"
"f2446701-b88b-4650-8954-478d016834fc",1729849200508,"2024-10-25 10:40:00","Kia EV6","Home Charger","","Home","Home",34.830000,4.706757,9.752400,"GBP",232.891419,144.712019,14.955467,6.686518,"Overnight home session"
"937a60d3-332e-42f1-91dd-594871cee44c",1728461400508,"2024-10-09 09:10:00","Kia EV6","Home Charger","","Home","Home",18.576000,2.510270,5.201280,"GBP",108.401959,67.357855,17.136222,5.835592,"Overnight home session"
"f4b9dc62-59f3-473a-b797-12a794ab8567",1731589800508,"2024-11-14 13:10:00","Kia EV6","Workplace Bay","","Office","Work",29.412000,2.673818,6.470640,"GBP",154.461651,95.978020,19.04162,5.251654,"Weekday office charging"
"c4f76351-5133-4e1e-90be-ac29e48f7d7b",1730718600508,"2024-11-04 11:10:00","Kia EV6","Workplace Bay","","Office","Work",23.220000,2.110909,5.108400,"GBP",145.639988,90.496493,15.943423,6.272179,"Weekday office charging"
"594b417f-e7e9-4359-a642-68fae36b5fe4",1735196400508,"2024-12-26 07:00:00","Kia EV6","Supermarket Point","Pod Point","Retail Park","Public",41.796000,1.899818,18.808200,"GBP",211.042987,131.136032,19.804496,5.049358,"Shopping stop"
"27df67dc-a228-474f-ba7c-9aeedd1d782d",1733392800508,"2024-12-05 10:00:00","Kia EV6","City Rapid Hub","IONITY","City Center","Rapid",36.378000,0.303150,25.100820,"GBP",168.533372,104.721782,21.585043,4.632838,"Road trip top-up"
"6d36d0e5-531b-4e44-828e-42af184f1929",1737651600508,"2025-01-23 17:00:00","Kia EV6","Home Charger","","Home","Home",32.508000,4.392973,9.102240,"GBP",141.485181,87.914816,22.976258,4.352319,"Overnight home session"
"df4578e1-d11c-4a84-a2b2-08be0ae36cf1",1738239600508,"2025-01-30 12:20:00","Kia EV6","City Rapid Hub","IONITY","City Center","Rapid",20.898000,0.174150,14.419620,"GBP",118.804389,73.821625,17.590259,5.684965,"Road trip top-up"
"dadc1591-aec5-4bcf-b61d-66a7c31b11b5",1738091400508,"2025-01-28 19:10:00","Kia EV6","City Rapid Hub","IONITY","City Center","Rapid",16.254000,0.135450,11.215260,"GBP",68.966403,42.853736,23.567997,4.243042,"Road trip top-up"
"943f4498-ccc7-4cbe-a4be-1509b4d37629",1735850400509,"2025-01-02 20:40:00","Kia EV6","City Rapid Hub","IONITY","City Center","Rapid",17.028000,0.141900,11.749320,"GBP",113.755277,70.684252,14.968976,6.680484,"Road trip top-up"
"9dcad093-898a-4c32-a059-b16bf098790c",1738699200509,"2025-02-04 20:00:00","Kia EV6","City Rapid Hub","IONITY","City Center","Rapid",31.734000,0.264450,21.896460,"GBP",135.906957,84.448668,23.349798,4.282692,"Road trip top-up"
"6450cf63-bde1-43ea-985d-7307c42fe0ec",1738832400509,"2025-02-06 09:00:00","Kia EV6","Home Charger","","Home","Home",28.638000,3.870000,8.018640,"GBP",163.983103,101.894376,17.463994,5.726067,"Overnight home session"
"76f8c1fd-9623-40a7-a7ef-058553ec796d",1739803200509,"2025-02-17 14:40:00","Kia EV6","City Rapid Hub","IONITY","City Center","Rapid",29.412000,0.245100,20.294280,"GBP",129.841215,80.679591,22.652283,4.414566,"Road trip top-up"
"1a68ca6c-caad-48ff-817c-8045a4086177",1741517400509,"2025-03-09 10:50:00","Kia EV6","Supermarket Point","Pod Point","Retail Park","Public",34.056000,1.548000,15.325200,"GBP",174.444473,108.394770,19.522545,5.122283,"Shopping stop"
"94ff32ca-b341-4805-9f94-dbb3a4e36fde",1741099800509,"2025-03-04 14:50:00","Kia EV6","City Rapid Hub","IONITY","City Center","Rapid",28.638000,0.238650,19.760220,"GBP",157.947961,98.144313,18.131288,5.515328,"Road trip top-up"
"c98afbca-3356-41e5-be9d-e002292c6025",1744304400509,"2025-04-10 18:00:00","Kia EV6","Home Charger","","Home","Home",34.830000,4.706757,9.752400,"GBP",172.578792,107.235490,20.182086,4.954889,"Overnight home session"
"a6e52ede-dece-48d7-92c3-35d3c6dba769",1743695400509,"2025-04-03 16:50:00","Kia EV6","Home Charger","","Home","Home",24.768000,3.347027,6.935040,"GBP",131.228576,81.541657,18.873938,5.298311,"Overnight home session"
"53d3e74d-ae13-4fb4-80bc-e76e42702915",1748088600509,"2025-05-24 13:10:00","Kia EV6","Supermarket Point","Pod Point","Retail Park","Public",34.056000,1.548000,15.325200,"GBP",135.213166,84.017566,25.186896,3.970318,"Shopping stop"
"16b0da82-c90e-430a-af9f-2d2764ae673e",1748712000509,"2025-05-31 18:20:00","Kia EV6","Workplace Bay","","Office","Work",18.576000,1.688727,4.086720,"GBP",78.166629,48.570491,23.764617,4.207937,"Weekday office charging"
"bdf58a3d-e922-4439-a1be-e9fbde7136e6",1750496400509,"2025-06-21 10:00:00","Kia EV6","Home Charger","","Home","Home",27.864000,3.765405,7.801920,"GBP",148.622799,92.349926,18.748133,5.333864,"Overnight home session"
"7a1d319c-37b9-4d6d-aca6-dd228de45ef8",1750417200509,"2025-06-20 12:00:00","Kia EV6","Home Charger","","Home","Home",21.672000,2.928649,6.068160,"GBP",128.045375,79.563707,16.92525,5.908332,"Overnight home session"
"c15cb139-b005-4d7c-a6e4-18f1f6c60468",1749294600509,"2025-06-07 12:10:00","Kia EV6","Home Charger","","Home","Home",27.090000,3.660811,7.585200,"GBP",167.022515,103.782979,16.21937,6.165468,"Overnight home session"
"9c95bc62-5fc7-4cd7-ad72-3a2cb42db202",1751995800509,"2025-07-08 18:30:00","Kia EV6","City Rapid Hub","IONITY","City Center","Rapid",37.926000,0.316050,26.168940,"GBP",196.407259,122.041813,19.309877,5.178697,"Road trip top-up"
"3155bfda-df39-4903-9de2-46aef0bc588c",1753818000510,"2025-07-29 20:40:00","Kia EV6","City Rapid Hub","IONITY","City Center","Rapid",23.220000,0.193500,16.021800,"GBP",102.397974,63.627151,22.67623,4.409904,"Road trip top-up"
"e1eadcd2-627b-48db-a64c-d76ed6047fdc",1756014600510,"2025-08-24 06:50:00","Kia EV6","Supermarket Point","Pod Point","Retail Park","Public",37.926000,1.723909,17.066700,"GBP",156.506199,97.248443,24.232906,4.12662,"Shopping stop"
"0b1cdead-539a-4a25-aa72-b8238edc7e7d",1756129800510,"2025-08-25 14:50:00","Kia EV6","Supermarket Point","Pod Point","Retail Park","Public",31.734000,1.442455,14.280300,"GBP",171.112187,106.324184,18.545728,5.392077,"Shopping stop"
"6393333f-499b-4639-ba02-efb171524c75",1757101200510,"2025-09-05 20:40:00","Kia EV6","Home Charger","","Home","Home",16.254000,2.196486,4.551120,"GBP",103.954949,64.594611,15.635619,6.395653,"Overnight home session"
"26fc606d-6850-4471-b26a-601166001dca",1757063400510,"2025-09-05 10:10:00","Kia EV6","Home Charger","","Home","Home",30.186000,4.079189,8.452080,"GBP",132.793067,82.513786,22.731608,4.399161,"Overnight home session"
"f26980dc-27fb-4021-b0ec-2cd0ee30ef4e",1757352000510,"2025-09-08 18:20:00","Kia EV6","Workplace Bay","","Office","Work",20.124000,1.829455,4.427280,"GBP",118.635843,73.716895,16.962833,5.895242,"Weekday office charging"
"8c3724b3-199e-415c-8e3d-9e2da4259867",1761506400510,"2025-10-26 19:20:00","Kia EV6","Supermarket Point","Pod Point","Retail Park","Public",17.028000,0.774000,7.662600,"GBP",86.690407,53.866922,19.642312,5.09105,"Shopping stop"
"b43b499b-acfa-4e9c-9fb7-62de8a073e63",1760628600510,"2025-10-16 16:30:00","Kia EV6","Workplace Bay","","Office","Work",28.638000,2.603455,6.300360,"GBP",197.705149,122.848284,14.485207,6.903595,"Weekday office charging"
"99b3219c-8790-49fc-81ae-c9f75886b1a6",1760893200510,"2025-10-19 18:00:00","Kia EV6","Supermarket Point","Pod Point","Retail Park","Public",41.796000,1.899818,18.808200,"GBP",246.995397,153.475824,16.921773,5.909546,"Shopping stop"
"a2da18a4-85ed-4324-a43d-d19ec8523eb7",1763460000510,"2025-11-18 10:00:00","Kia EV6","Home Charger","","Home","Home",23.220000,3.137838,6.501600,"GBP",157.996162,98.174264,14.69656,6.804314,"Overnight home session"
"d6357008-fab8-4465-a2ec-2f9d2173bcd1",1763398200511,"2025-11-17 16:50:00","Kia EV6","Home Charger","","Home","Home",34.056000,4.602162,9.535680,"GBP",213.229884,132.494907,15.971495,6.261155,"Overnight home session"
"cbf0e90e-b5eb-41bc-b07f-f5c131c4c3d7",1766911800511,"2025-12-28 08:50:00","Kia EV6","City Rapid Hub","IONITY","City Center","Rapid",36.378000,0.303150,25.100820,"GBP",220.113823,136.772389,16.526904,6.05074,"Road trip top-up"
"f3f437cd-fd64-4f5e-88c9-af1421434ef6",1764858600511,"2025-12-04 14:30:00","Kia EV6","Workplace Bay","","Office","Work",21.672000,1.970182,4.767840,"GBP",145.585052,90.462357,14.886144,6.717657,"Weekday office charging"
"85d71455-b053-4b6c-8034-65b20ba8b0fa",1768848000511,"2026-01-19 18:40:00","Kia EV6","Home Charger","","Home","Home",23.994000,3.242432,6.718320,"GBP",104.179468,64.734120,23.03141,4.341897,"Overnight home session"
"a129725e-446a-43ec-be97-1413251c634f",1768407000511,"2026-01-14 16:10:00","Kia EV6","Supermarket Point","Pod Point","Retail Park","Public",19.350000,0.879545,8.707500,"GBP",103.354171,64.221304,18.722031,5.341301,"Shopping stop"
"bf7a016c-2341-4ed7-b024-4f8edb8c56d0",1772044800511,"2026-02-25 18:40:00","Kia EV6","Supermarket Point","Pod Point","Retail Park","Public",21.672000,0.985091,9.752400,"GBP",90.535594,56.256210,23.937547,4.177538,"Shopping stop"
"fbf371d3-a7d2-4403-b905-34a814768aac",1770143400511,"2026-02-03 18:30:00","Kia EV6","City Rapid Hub","IONITY","City Center","Rapid",20.124000,0.167700,13.885560,"GBP",79.836965,49.608390,25.206369,3.967251,"Road trip top-up"
"17364634-5770-4f5c-80ef-0e9a72710a0d",1769970000511,"2026-02-01 18:20:00","Kia EV6","City Rapid Hub","IONITY","City Center","Rapid",31.734000,0.264450,21.896460,"GBP",219.687156,136.507270,14.445087,6.922769,"Road trip top-up"
"51ec7cc0-9993-4c3c-b86c-e766fbe9e9a4",1773403200511,"2026-03-13 12:00:00","Kia EV6","Home Charger","","Home","Home",34.830000,4.706757,9.752400,"GBP",182.550362,113.431536,19.079666,5.241182,"Overnight home session"
"7df2f6c5-32e7-49d5-bb16-2f9bb275a51e",1773057000511,"2026-03-09 11:50:00","Kia EV6","Workplace Bay","","Office","Work",41.022000,3.729273,9.024840,"GBP",214.188719,133.090700,19.152269,5.221313,"Weekday office charging"
"b6eaddb4-53a4-4e45-ab4b-e578f11e26c5",1773427200511,"2026-03-13 18:40:00","Kia EV6","Workplace Bay","","Office","Work",29.412000,2.673818,6.470640,"GBP",201.292875,125.077594,14.611545,6.843903,"Weekday office charging"
"26021b37-a5e2-4c0a-9d5d-343a1ade5c51",1772715000516,"2026-03-05 12:50:00","Kia EV6","Workplace Bay","","Office","Work",27.090000,2.462727,5.959800,"GBP",146.091250,90.776894,18.543205,5.392811,"Weekday office charging"
"6d3ffc5c-0dcb-4f41-97a6-846a42d8aa46",1776412800516,"2026-04-17 09:00:00","Kia EV6","City Rapid Hub","IONITY","City Center","Rapid",40.248000,0.335400,27.771120,"GBP",201.625097,125.284027,19.961801,5.009568,"Road trip top-up"
"d99ba55b-7e32-4b43-9b7b-d16512e201e2",1776946200517,"2026-04-23 13:10:00","Kia EV6","Workplace Bay","","Office","Work",30.186000,2.744182,6.640920,"GBP",140.727652,87.444109,21.449942,4.662017,"Weekday office charging"
"c0409343-5075-4f38-8e7b-5a5c5ad1f799",1684325400517,"2023-05-17 13:10:00","BMW i4","Workplace Bay","","Office","Work",29.365000,2.669545,6.460300,"GBP",187.290573,116.376967,15.678846,6.378021,"Weekday office charging"
"31c314a8-66c2-4c3e-8ec5-9a70d4023e79",1683911400517,"2023-05-12 18:10:00","BMW i4","Home Charger","","Home","Home",24.331000,3.287973,6.812680,"GBP",96.542309,59.988610,25.202422,3.967873,"Overnight home session"
"757901b2-f68e-4a77-822f-3d9fe8a00f9b",1682932800517,"2023-05-01 10:20:00","BMW i4","Supermarket Point","Pod Point","Retail Park","Public",20.975000,0.953409,9.438750,"GBP",119.090521,73.999419,17.612653,5.677736,"Shopping stop"
"84a0fd36-34d1-4719-be88-300ef794e95b",1684226400517,"2023-05-16 09:40:00","BMW i4","Home Charger","","Home","Home",17.619000,2.380946,4.933320,"GBP",73.751327,45.826950,23.88974,4.185897,"Overnight home session"
"770d5c97-a691-46bc-924b-780f977116ef",1687069200517,"2023-06-18 07:20:00","BMW i4","City Rapid Hub","IONITY","City Center","Rapid",30.204000,0.251700,20.840760,"GBP",131.647429,81.801920,22.943099,4.358609,"Road trip top-up"
"2541f74a-39d8-405a-bb37-b765b351878b",1685858400517,"2023-06-04 07:00:00","BMW i4","Supermarket Point","Pod Point","Retail Park","Public",35.238000,1.601727,15.857100,"GBP",158.087155,98.230804,22.290236,4.486269,"Shopping stop"
"220e28ac-8551-4784-9113-b992d1368a6c",1688368800517,"2023-07-03 08:20:00","BMW i4","Supermarket Point","Pod Point","Retail Park","Public",31.882000,1.449182,14.346900,"GBP",157.380558,97.791745,20.257903,4.936345,"Shopping stop"
"b5e7189a-233c-4560-a0cc-84caf18c0613",1690024800517,"2023-07-22 12:20:00","BMW i4","Home Charger","","Home","Home",16.780000,2.267568,4.698400,"GBP",92.049737,57.197055,18.229275,5.485682,"Overnight home session"
"656d2248-eb48-4713-937b-abca116e7f1c",1689676200517,"2023-07-18 11:30:00","BMW i4","City Rapid Hub","IONITY","City Center","Rapid",26.009000,0.216742,17.946210,"GBP",106.760558,66.337935,24.361993,4.104754,"Road trip top-up"
"e3a61013-f334-4e7e-bd6e-609b8727910b",1691761200517,"2023-08-11 14:40:00","BMW i4","City Rapid Hub","IONITY","City Center","Rapid",21.814000,0.181783,15.051660,"GBP",135.912398,84.452049,16.050044,6.230512,"Road trip top-up"
"8015d786-87a2-4394-91a3-a07c2cd9a120",1692431400518,"2023-08-19 08:50:00","BMW i4","Workplace Bay","","Office","Work",41.950000,3.813636,9.229000,"GBP",256.990464,159.686471,16.323563,6.126114,"Weekday office charging"
"3ffd7cf8-be9f-4fcb-8bba-baa024db6788",1692704400518,"2023-08-22 12:40:00","BMW i4","City Rapid Hub","IONITY","City Center","Rapid",20.975000,0.174792,14.472750,"GBP",137.804270,85.627604,15.220864,6.569929,"Road trip top-up"
"1b26701a-2e28-4cdb-8b84-dceac3c38a10",1693911000518,"2023-09-05 11:50:00","BMW i4","Workplace Bay","","Office","Work",32.721000,2.974636,7.198620,"GBP",125.142009,77.759639,26.147095,3.824517,"Weekday office charging"
"861718c7-4a40-48e3-8e61-f8b57f0fee10",1695729600518,"2023-09-26 13:00:00","BMW i4","Supermarket Point","Pod Point","Retail Park","Public",33.560000,1.525455,15.102000,"GBP",198.183735,123.145664,16.933781,5.905356,"Shopping stop"
"906e1781-b9aa-427b-8502-fa80665c7161",1695915600518,"2023-09-28 16:40:00","BMW i4","Supermarket Point","Pod Point","Retail Park","Public",40.272000,1.830545,18.122400,"GBP",179.535387,111.558117,22.431232,4.45807,"Shopping stop"
"dd7105bb-96a8-4310-a443-1664b8eff89f",1698234600518,"2023-10-25 12:50:00","BMW i4","Home Charger","","Home","Home",36.916000,4.988649,10.336480,"GBP",145.162440,90.199758,25.430821,3.932236,"Overnight home session"
"5d176ebe-1879-44b9-a605-c327ccceb6f6",1696488000518,"2023-10-05 07:40:00","BMW i4","City Rapid Hub","IONITY","City Center","Rapid",43.628000,0.363567,30.103320,"GBP",210.661987,130.899290,20.709954,4.828596,"Road trip top-up"
"0c49b2be-f388-4c09-8ac6-962c05685325",1698249000518,"2023-10-25 16:50:00","BMW i4","City Rapid Hub","IONITY","City Center","Rapid",32.721000,0.272675,22.577490,"GBP",152.569928,94.802558,21.446559,4.662753,"Road trip top-up"
"1d0f44ba-5cf8-4482-a654-59f59001f574",1700200800518,"2023-11-17 06:00:00","BMW i4","Supermarket Point","Pod Point","Retail Park","Public",31.882000,1.449182,14.346900,"GBP",159.922422,99.371186,19.935916,5.016072,"Shopping stop"
"a8220ade-1663-42c1-b749-09a19f22bdd1",1699110600518,"2023-11-04 15:10:00","BMW i4","Workplace Bay","","Office","Work",37.755000,3.432273,8.306100,"GBP",202.884168,126.066377,18.609141,5.373703,"Weekday office charging"
"1ccbb037-6ce6-4702-8297-70f063a70b2c",1703487000518,"2023-12-25 06:50:00","BMW i4","Supermarket Point","Pod Point","Retail Park","Public",26.848000,1.220364,12.081600,"GBP",142.092216,88.292010,18.894772,5.292469,"Shopping stop"
"e16910df-23cb-4bb8-97bc-5c9b894027eb",1701544800518,"2023-12-02 19:20:00","BMW i4","Supermarket Point","Pod Point","Retail Park","Public",45.306000,2.059364,20.387700,"GBP",187.622138,116.582992,24.14747,4.141221,"Shopping stop"
"a5592ada-7f3c-436b-84da-865af57fc167",1703069400518,"2023-12-20 10:50:00","BMW i4","Supermarket Point","Pod Point","Retail Park","Public",32.721000,1.487318,14.724450,"GBP",210.248490,130.642355,15.563013,6.425491,"Shopping stop"
"f354f77d-c44f-4fb1-b44d-d1a9c27ce321",1706104800518,"2024-01-24 14:00:00","BMW i4","Home Charger","","Home","Home",16.780000,2.267568,4.698400,"GBP",78.384244,48.705711,21.407363,4.67129,"Overnight home session"
"b85054b7-2a37-4061-927f-05bc5880cc7d",1706028600518,"2024-01-23 16:50:00","BMW i4","Home Charger","","Home","Home",23.492000,3.174595,6.577760,"GBP",97.919698,60.844479,23.991087,4.168215,"Overnight home session"
"472f34c7-0a02-4c9a-aa20-64666419d303",1705589400519,"2024-01-18 14:50:00","BMW i4","Supermarket Point","Pod Point","Retail Park","Public",16.780000,0.762727,7.551000,"GBP",67.769070,42.109748,24.760558,4.038681,"Shopping stop"
"566e9a4e-6c72-44bb-b226-7d6d968f997f",1705647000519,"2024-01-19 06:50:00","BMW i4","Home Charger","","Home","Home",45.306000,6.122432,12.685680,"GBP",283.131027,175.929464,16.001779,6.249305,"Overnight home session"
"d5d98773-88d1-4d85-8a59-37ce8a88bd52",1708238400519,"2024-02-18 06:40:00","BMW i4","City Rapid Hub","IONITY","City Center","Rapid",20.136000,0.167800,13.893840,"GBP",99.031846,61.535536,20.332853,4.918149,"Road trip top-up"
"0811ad2e-a340-4920-ab94-b4e5f7e59a91",1708357800519,"2024-02-19 15:50:00","BMW i4","Home Charger","","Home","Home",37.755000,5.102027,10.571400,"GBP",204.944187,127.346414,18.422089,5.428266,"Overnight home session"
"da1cd6e2-9cd2-4690-b22d-a6f303882e62",1711299600519,"2024-03-24 17:00:00","BMW i4","City Rapid Hub","IONITY","City Center","Rapid",37.755000,0.314625,26.050950,"GBP",153.102057,95.133208,24.660021,4.055147,"Road trip top-up"
"fe643e7e-74ff-4a13-a810-fdf475c790f3",1709751000519,"2024-03-06 18:50:00","BMW i4","Workplace Bay","","Office","Work",20.975000,1.906818,4.614500,"GBP",85.926209,53.392071,24.41048,4.096601,"Weekday office charging"
"eccb4e5a-7777-4fc0-9b71-7bc984ae2b29",1709877600519,"2024-03-08 06:00:00","BMW i4","Home Charger","","Home","Home",31.043000,4.195000,8.692040,"GBP",189.909803,118.004481,16.346181,6.117637,"Overnight home session"
"7b1106ac-f7f0-4029-8739-16fccfb28e86",1710521400519,"2024-03-15 16:50:00","BMW i4","Supermarket Point","Pod Point","Retail Park","Public",20.975000,0.953409,9.438750,"GBP",96.769411,60.129724,21.675238,4.61356,"Shopping stop"
"fd04b973-edac-4973-a841-4cd735b9b560",1713347400520,"2024-04-17 10:50:00","BMW i4","City Rapid Hub","IONITY","City Center","Rapid",26.848000,0.223733,18.525120,"GBP",153.673594,95.488344,17.470796,5.723838,"Road trip top-up"
"8064c04a-f8d0-4a36-a3b7-007ae28b5599",1714136400520,"2024-04-26 14:00:00","BMW i4","Supermarket Point","Pod Point","Retail Park","Public",30.204000,1.372909,13.591800,"GBP",188.972297,117.421941,15.983295,6.256532,"Shopping stop"
"a466c4db-6c12-44c4-9e5b-a6f001fee784",1713445200520,"2024-04-18 14:00:00","BMW i4","City Rapid Hub","IONITY","City Center","Rapid",31.043000,0.258692,21.419670,"GBP",185.333616,115.160970,16.749795,5.970222,"Road trip top-up"
"719dc98d-b1a8-48ee-967b-4998995fe853",1715268000520,"2024-05-09 16:20:00","BMW i4","Home Charger","","Home","Home",25.170000,3.401351,7.047600,"GBP",102.680561,63.802743,24.512916,4.079482,"Overnight home session"
"828f6400-3519-4925-acad-4b4a52be8a08",1716038400520,"2024-05-18 14:20:00","BMW i4","City Rapid Hub","IONITY","City Center","Rapid",36.916000,0.307633,25.472040,"GBP",207.801307,129.121746,17.765047,5.629031,"Road trip top-up"
"afb46943-e758-4680-830d-57da7db965a9",1716189000520,"2024-05-20 08:10:00","BMW i4","Home Charger","","Home","Home",31.882000,4.308378,8.926960,"GBP",166.187477,103.264111,19.184358,5.21258,"Overnight home session"
"6875103a-2488-48c6-9fac-4a6d5f5abefb",1718809200521,"2024-06-19 16:00:00","BMW i4","City Rapid Hub","IONITY","City Center","Rapid",20.136000,0.167800,13.893840,"GBP",118.555953,73.667254,16.984385,5.887761,"Road trip top-up"
"a39bd2c2-4386-408e-9da1-0341831ff25d",1717847400521,"2024-06-08 12:50:00","BMW i4","Home Charger","","Home","Home",21.814000,2.947838,6.107920,"GBP",96.441073,59.925705,22.618993,4.421063,"Overnight home session"
"bf59bc5f-5def-412e-948c-3ba6693837de",1721158200521,"2024-07-16 20:30:00","BMW i4","Workplace Bay","","Office","Work",16.780000,1.525455,3.691600,"GBP",83.311397,51.767302,20.141302,4.964922,"Weekday office charging"
"5c3c9f8a-9e16-4b3b-a091-90485e41a1ec",1721543400521,"2024-07-21 07:30:00","BMW i4","Supermarket Point","Pod Point","Retail Park","Public",33.560000,1.525455,15.102000,"GBP",191.943742,119.268312,17.48429,5.71942,"Shopping stop"
"073fc4b2-5cfe-4070-a3a7-890a78109d5f",1721413800521,"2024-07-19 19:30:00","BMW i4","Home Charger","","Home","Home",36.077000,4.875270,10.101560,"GBP",214.052281,133.005921,16.854294,5.933206,"Overnight home session"
"979dde92-7cd8-4355-be56-d0fed031eb9f",1724355600521,"2024-08-22 20:40:00","BMW i4","Supermarket Point","Pod Point","Retail Park","Public",26.848000,1.220364,12.081600,"GBP",170.012883,105.641108,15.791744,6.332423,"Shopping stop"
"6bb69d79-8146-47a7-9369-222d89c98217",1725089400521,"2024-08-31 08:30:00","BMW i4","Workplace Bay","","Office","Work",35.238000,3.203455,7.752360,"GBP",223.441063,138.839840,15.770602,6.340912,"Weekday office charging"
"90056ef1-3932-413a-b656-c968c452abd0",1724848200521,"2024-08-28 13:30:00","BMW i4","Home Charger","","Home","Home",21.814000,2.947838,6.107920,"GBP",137.873593,85.670679,15.821739,6.320418,"Overnight home session"
"6e5df3d8-07a3-4a8c-8824-cdb7739ee49f",1725092400521,"2024-08-31 09:20:00","BMW i4","Supermarket Point","Pod Point","Retail Park","Public",32.721000,1.487318,14.724450,"GBP",214.297612,133.158363,15.268952,6.549238,"Shopping stop"
"a664539e-373e-4a0e-bdc5-afaf7267a2f7",1725945000521,"2024-09-10 06:10:00","BMW i4","City Rapid Hub","IONITY","City Center","Rapid",37.755000,0.314625,26.050950,"GBP",215.610114,133.973914,17.510774,5.71077,"Road trip top-up"
"1f4b498e-7dd1-4b6a-9752-ce6bd5b57fa8",1725178200521,"2024-09-01 09:10:00","BMW i4","Home Charger","","Home","Home",38.594000,5.215405,10.806320,"GBP",192.369502,119.532867,20.062432,4.984441,"Overnight home session"
"ede54334-5406-4067-9abe-4bb814340f6a",1729159200521,"2024-10-17 11:00:00","BMW i4","Home Charger","","Home","Home",16.780000,2.267568,4.698400,"GBP",77.338819,48.056114,21.696737,4.608988,"Overnight home session"
"1ba76d8b-42c9-429a-8d1d-2c61b8e44c55",1728499200521,"2024-10-09 19:40:00","BMW i4","Workplace Bay","","Office","Work",34.399000,3.127182,7.567780,"GBP",149.654077,92.990732,22.985675,4.350536,"Weekday office charging"
"31b4e626-9e3e-4108-9eae-1e5cd14d400b",1732434600521,"2024-11-24 07:50:00","BMW i4","Workplace Bay","","Office","Work",36.077000,3.279727,7.936940,"GBP",153.391541,95.313085,23.51955,4.251782,"Weekday office charging"
"0c7fadd6-cfcc-48e1-a348-e7b12de55578",1732653000521,"2024-11-26 20:30:00","BMW i4","City Rapid Hub","IONITY","City Center","Rapid",31.043000,0.258692,21.419670,"GBP",155.337499,96.522247,19.984228,5.003946,"Road trip top-up"
"72615898-ef4c-4400-8f10-0cf38670765b",1733765400521,"2024-12-09 17:30:00","BMW i4","City Rapid Hub","IONITY","City Center","Rapid",31.882000,0.265683,21.998580,"GBP",164.973151,102.509564,19.325569,5.174492,"Road trip top-up"
"1a94a149-cac1-4bd1-af6c-40195d74d7cf",1733515200521,"2024-12-06 20:00:00","BMW i4","City Rapid Hub","IONITY","City Center","Rapid",40.272000,0.335600,27.787680,"GBP",149.529911,92.913579,26.932404,3.712999,"Road trip top-up"
"97673286-ca87-4e5e-a469-bbfb1178409e",1735224600521,"2024-12-26 14:50:00","BMW i4","City Rapid Hub","IONITY","City Center","Rapid",21.814000,0.181783,15.051660,"GBP",102.039215,63.404229,21.378055,4.677694,"Road trip top-up"
"fc47bb3f-b22e-4afd-a43c-39639110b1e3",1735209000521,"2024-12-26 10:30:00","BMW i4","Workplace Bay","","Office","Work",26.848000,2.440727,5.906560,"GBP",104.446903,64.900297,25.704927,3.890305,"Weekday office charging"
"253a49cc-fd87-4064-bd7d-20fa04f53d95",1737906600521,"2025-01-26 15:50:00","BMW i4","City Rapid Hub","IONITY","City Center","Rapid",22.653000,0.188775,15.630570,"GBP",91.608140,56.922659,24.728152,4.043974,"Road trip top-up"
"9721b5da-3ce6-4bb5-b3b9-4f977c9dcd60",1736183400521,"2025-01-06 17:10:00","BMW i4","Supermarket Point","Pod Point","Retail Park","Public",24.331000,1.105955,10.948950,"GBP",156.826335,97.447367,15.514614,6.445536,"Shopping stop"
"6ebe8e57-ad39-49cb-9092-800754049582",1740336600522,"2025-02-23 18:50:00","BMW i4","Home Charger","","Home","Home",20.136000,2.721081,5.638080,"GBP",86.653873,53.844220,23.237276,4.30343,"Overnight home session"
"40b1e335-8ddd-4cfc-8005-51e8b55cd8a6",1740037800522,"2025-02-20 07:50:00","BMW i4","City Rapid Hub","IONITY","City Center","Rapid",31.043000,0.258692,21.419670,"GBP",195.860362,121.701987,15.849557,6.309325,"Road trip top-up"
"729ff379-6d75-4479-a5ca-a669f294532b",1739112600522,"2025-02-09 14:50:00","BMW i4","Home Charger","","Home","Home",20.975000,2.834459,5.873000,"GBP",100.464578,62.425795,20.878005,4.78973,"Overnight home session"
"a58cee05-5f64-49cf-869a-63b1c9659542",1738440000522,"2025-02-01 20:00:00","BMW i4","City Rapid Hub","IONITY","City Center","Rapid",37.755000,0.314625,26.050950,"GBP",160.690975,99.848743,23.495408,4.256151,"Road trip top-up"
"82a68517-8bd3-4da7-ae7e-9128fcc84f78",1742372400522,"2025-03-19 08:20:00","BMW i4","Supermarket Point","Pod Point","Retail Park","Public",31.043000,1.411045,13.969350,"GBP",187.941162,116.781224,16.517403,6.05422,"Shopping stop"
"eedfbf43-0ae7-43ac-b72e-e5e56591eb32",1741884600522,"2025-03-13 16:50:00","BMW i4","Supermarket Point","Pod Point","Retail Park","Public",32.721000,1.487318,14.724450,"GBP",202.384213,125.755720,16.167763,6.185148,"Shopping stop"
"0abd1c83-4790-42ed-968e-b9537146fbab",1743015000522,"2025-03-26 18:50:00","BMW i4","City Rapid Hub","IONITY","City Center","Rapid",24.331000,0.202758,16.788390,"GBP",137.970190,85.730701,17.634969,5.670552,"Road trip top-up"
"1e7fe999-75a5-4695-bff2-b9157a98c7c3",1745599200522,"2025-04-25 17:40:00","BMW i4","Supermarket Point","Pod Point","Retail Park","Public",41.111000,1.868682,18.499950,"GBP",255.920179,159.021427,16.063993,6.225102,"Shopping stop"
"7a339936-7e14-48e5-8e18-1053c1e5e14a",1744198800522,"2025-04-09 12:40:00","BMW i4","Workplace Bay","","Office","Work",22.653000,2.059364,4.983660,"GBP",137.114563,85.199039,16.521221,6.052821,"Weekday office charging"
"751f8d2d-18ca-46d1-922c-e69c2eb7a22e",1745938200522,"2025-04-29 15:50:00","BMW i4","Home Charger","","Home","Home",31.043000,4.195000,8.692040,"GBP",135.439916,84.158462,22.920126,4.362978,"Overnight home session"
"67eef5d0-01a2-4109-b15a-ae1dfd7903a9",1744705800522,"2025-04-15 09:30:00","BMW i4","Home Charger","","Home","Home",20.975000,2.834459,5.873000,"GBP",90.058561,55.959795,23.290401,4.293614,"Overnight home session"
"ae408c90-d133-4288-8563-da6309a208ad",1746168000522,"2025-05-02 07:40:00","BMW i4","City Rapid Hub","IONITY","City Center","Rapid",37.755000,0.314625,26.050950,"GBP",206.840843,128.524941,18.253165,5.478502,"Road trip top-up"
"03140d2f-8282-4e9c-867d-eb62749c1a94",1746162000522,"2025-05-02 06:00:00","BMW i4","City Rapid Hub","IONITY","City Center","Rapid",31.882000,0.265683,21.998580,"GBP",165.755033,102.995402,19.234408,5.199016,"Road trip top-up"
"fe49c894-6020-4cc6-b338-07150b5f6c71",1746628800522,"2025-05-07 15:40:00","BMW i4","Supermarket Point","Pod Point","Retail Park","Public",46.145000,2.097500,20.765250,"GBP",220.037891,136.725207,20.971388,4.768402,"Shopping stop"
"ee788731-443d-44cc-8c1b-328fe7b71100",1749238200522,"2025-06-06 20:30:00","BMW i4","Workplace Bay","","Office","Work",26.848000,2.440727,5.906560,"GBP",122.354212,76.027383,21.942849,4.557293,"Weekday office charging"
"c20fd8a2-504d-477c-a040-3992d809ce83",1751298000522,"2025-06-30 16:40:00","BMW i4","City Rapid Hub","IONITY","City Center","Rapid",38.594000,0.321617,26.629860,"GBP",210.593000,130.856423,18.326345,5.456625,"Road trip top-up"
"e13aa337-52bb-42cf-bc6d-91e9bc39028f",1749468600522,"2025-06-09 12:30:00","BMW i4","Workplace Bay","","Office","Work",26.848000,2.440727,5.906560,"GBP",173.182990,107.610921,15.502677,6.450499,"Weekday office charging"
"cebf26e8-e60c-48b8-a531-8e5608cef1d6",1748957400522,"2025-06-03 14:30:00","BMW i4","Home Charger","","Home","Home",35.238000,4.761892,9.866640,"GBP",222.787188,138.433541,15.816888,6.322356,"Overnight home session"
"42e4f4ae-5e2a-417d-a8b8-cd6a8ee962da",1753513800522,"2025-07-26 08:10:00","BMW i4","Supermarket Point","Pod Point","Retail Park","Public",27.687000,1.258500,12.459150,"GBP",163.412564,101.539860,16.943006,5.90214,"Shopping stop"
"6790ebf3-7891-438c-94c3-27be4efeb3e9",1752145200522,"2025-07-10 12:00:00","BMW i4","Home Charger","","Home","Home",38.594000,5.215405,10.806320,"GBP",181.068618,112.510823,21.314571,4.691626,"Overnight home session"
"bf6d5f3d-5030-49b0-b953-39acaa3d3504",1751999400522,"2025-07-08 19:30:00","BMW i4","City Rapid Hub","IONITY","City Center","Rapid",34.399000,0.286658,23.735310,"GBP",157.012328,97.562937,21.908471,4.564445,"Road trip top-up"
"4a48b30e-0246-41f9-be4d-85bf17cc1f99",1753101000522,"2025-07-21 13:30:00","BMW i4","Home Charger","","Home","Home",37.755000,5.102027,10.571400,"GBP",186.762583,116.048889,20.215505,4.946698,"Overnight home session"
"44bb5d8c-8796-4dd7-ad04-d9cfa37d0113",1755599400523,"2025-08-19 11:30:00","BMW i4","Supermarket Point","Pod Point","Retail Park","Public",24.331000,1.105955,10.948950,"GBP",127.945827,79.501851,19.016642,5.258552,"Shopping stop"
"56570356-8006-4960-ae50-29a02efd47d4",1754917200523,"2025-08-11 14:00:00","BMW i4","Home Charger","","Home","Home",31.882000,4.308378,8.926960,"GBP",139.161479,86.470934,22.910076,4.364892,"Overnight home session"
"88dd5ab2-643f-43c6-bc12-9b55516fed9c",1755250800523,"2025-08-15 10:40:00","BMW i4","City Rapid Hub","IONITY","City Center","Rapid",32.721000,0.272675,22.577490,"GBP",193.191650,120.043726,16.937067,5.90421,"Road trip top-up"
"e4b2a40f-2dea-4349-8bf3-c5591548493a",1754673600523,"2025-08-08 18:20:00","BMW i4","Home Charger","","Home","Home",29.365000,3.968243,8.222200,"GBP",162.416759,100.921095,18.080031,5.530964,"Overnight home session"
"618caf42-862d-468e-bcb1-754964e20eb5",1757688000523,"2025-09-12 15:40:00","BMW i4","Supermarket Point","Pod Point","Retail Park","Public",29.365000,1.334773,13.214250,"GBP",163.890051,101.836556,17.9175,5.581136,"Shopping stop"
"990cfd61-432c-4c9c-b12a-745bfde91b01",1758105600523,"2025-09-17 11:40:00","BMW i4","Workplace Bay","","Office","Work",37.755000,3.432273,8.306100,"GBP",148.786041,92.451360,25.375364,3.94083,"Weekday office charging"
"54e62ad5-c59b-444a-879b-60f8e522a4b8",1757011200523,"2025-09-04 19:40:00","BMW i4","Home Charger","","Home","Home",29.365000,3.968243,8.222200,"GBP",131.858298,81.932948,22.270119,4.490322,"Overnight home session"
"3a048de9-376a-46f3-9474-d0e03f4842e9",1759252800523,"2025-09-30 18:20:00","BMW i4","City Rapid Hub","IONITY","City Center","Rapid",19.297000,0.160808,13.314930,"GBP",100.456224,62.420604,19.209362,5.205795,"Road trip top-up"
"d1dd54d5-3b6c-4ea8-b533-c33210966b80",1761414000523,"2025-10-25 18:40:00","BMW i4","Home Charger","","Home","Home",33.560000,4.535135,9.396800,"GBP",160.534233,99.751348,20.905198,4.783499,"Overnight home session"
"cc359781-85ff-4cf8-9801-cd97cbd7032f",1761554400523,"2025-10-27 08:40:00","BMW i4","Workplace Bay","","Office","Work",40.272000,3.661091,8.859840,"GBP",203.982903,126.749100,19.742831,5.06513,"Weekday office charging"
"3681561e-9b9d-4222-b19f-5c9b1e3316bd",1762524600523,"2025-11-07 14:10:00","BMW i4","Workplace Bay","","Office","Work",37.755000,3.432273,8.306100,"GBP",224.086539,139.240920,16.848402,5.935281,"Weekday office charging"
"fa599eb5-2c2a-4c9c-964b-ac6c48e731f7",1762623000523,"2025-11-08 17:30:00","BMW i4","Supermarket Point","Pod Point","Retail Park","Public",28.526000,1.296636,12.836700,"GBP",140.285744,87.169520,20.334212,4.91782,"Shopping stop"
"b4794dd1-e137-48a2-b840-f2978c4ddd3a",1765454400523,"2025-12-11 12:00:00","BMW i4","Supermarket Point","Pod Point","Retail Park","Public",32.721000,1.487318,14.724450,"GBP",198.409722,123.286086,16.491631,6.063681,"Shopping stop"
"bee72709-3d86-4612-8c23-71d55d700ebb",1766695800523,"2025-12-25 20:50:00","BMW i4","Workplace Bay","","Office","Work",17.619000,1.601727,3.876180,"GBP",90.257349,56.083317,19.520848,5.122728,"Weekday office charging"
"dd30f68d-ad7e-4613-89a2-0ee7044d866d",1767968400523,"2026-01-09 14:20:00","BMW i4","Workplace Bay","","Office","Work",21.814000,1.983091,4.799080,"GBP",134.826512,83.777311,16.17931,6.180733,"Weekday office charging"
"7bc9470a-aeda-40a7-8565-572217342c44",1767897000523,"2026-01-08 18:30:00","BMW i4","Supermarket Point","Pod Point","Retail Park","Public",34.399000,1.563591,15.479550,"GBP",159.883696,99.347123,21.515014,4.647917,"Shopping stop"
"eb057e56-1b01-460e-a07c-786a8448b2df",1771770000523,"2026-02-22 14:20:00","BMW i4","Supermarket Point","Pod Point","Retail Park","Public",27.687000,1.258500,12.459150,"GBP",155.954836,96.905842,17.753217,5.632782,"Shopping stop"
"5eaa7e41-a26b-418d-b5d3-715f270f1862",1770577800523,"2026-02-08 19:10:00","BMW i4","City Rapid Hub","IONITY","City Center","Rapid",39.433000,0.328608,27.208770,"GBP",169.820557,105.521602,23.220393,4.306559,"Road trip top-up"
"46190179-e689-4e3d-8cf7-ca8e89b9e0c8",1773650400523,"2026-03-16 08:40:00","BMW i4","Supermarket Point","Pod Point","Retail Park","Public",26.009000,1.182227,11.704050,"GBP",164.065625,101.945653,15.852803,6.308033,"Shopping stop"
"112880ff-adf9-4a12-ad46-6369626b27d8",1772789400524,"2026-03-06 09:30:00","BMW i4","City Rapid Hub","IONITY","City Center","Rapid",22.653000,0.188775,15.630570,"GBP",144.058144,89.513581,15.724901,6.359341,"Road trip top-up"
"c908b97b-270f-4a3e-98f6-cff163844d2e",1773748200524,"2026-03-17 11:50:00","BMW i4","Home Charger","","Home","Home",42.789000,5.782297,11.980920,"GBP",182.770037,113.568036,23.411387,4.271426,"Overnight home session"
"ae3d0e59-7c0a-453e-9e10-3439c01e312b",1773932400524,"2026-03-19 15:00:00","BMW i4","City Rapid Hub","IONITY","City Center","Rapid",34.399000,0.286658,23.735310,"GBP",183.554583,114.055530,18.740475,5.336044,"Road trip top-up"
"d24b6b1e-a8de-4d41-bd5c-c11ad75b33c0",1777051800524,"2026-04-24 18:30:00","BMW i4","Home Charger","","Home","Home",41.950000,5.668919,11.746000,"GBP",260.581985,161.918139,16.09858,6.211728,"Overnight home session"
"0b105a31-9068-42fc-a40e-ff3a701b0fb6",1777190400524,"2026-04-26 09:00:00","BMW i4","City Rapid Hub","IONITY","City Center","Rapid",41.950000,0.349583,28.945500,"GBP",177.238484,110.130888,23.668675,4.224994,"Road trip top-up"
"8f834d79-35c0-4738-924b-eb73ee26d3dc",1776105600524,"2026-04-13 19:40:00","BMW i4","City Rapid Hub","IONITY","City Center","Rapid",26.848000,0.223733,18.525120,"GBP",166.206741,103.276081,16.153376,6.190656,"Road trip top-up"
